hive,day,hour,temp,humid,weight,file_size,workers_avg,drones_avg,total,ratio,workers_array,drones_array
AppMAIS7R,2022-04-11,10,87.8,63.5,38.9,68640594,14.4,0.2,14.6,72.0,"[0, 9, 19, 24, 20]","[0, 0, 0, 0, 1]"
AppMAIS7R,2022-04-11,11,93.74,52.1,39.14,85064191,19.2,0.6,19.8,32.0,"[0, 7, 34, 28, 27]","[0, 0, 1, 1, 1]"
AppMAIS7R,2022-04-11,12,94.82,46.6,39.19,95982947,25.0,0.8,25.8,31.25,"[0, 3, 38, 43, 41]","[0, 0, 1, 2, 1]"
AppMAIS7R,2022-04-11,13,95.36,44.8,39.2,88026147,29.6,5.4,35.0,5.48,"[31, 30, 31, 26, 30]","[2, 6, 7, 7, 5]"
AppMAIS7R,2022-04-11,14,94.82,38.3,39.09,68159518,24.8,4.4,29.200000000000003,5.64,"[1, 16, 38, 37, 32]","[0, 2, 6, 7, 7]"
AppMAIS7R,2022-04-11,15,93.02,32.9,39.16,50306118,21.0,0.6,21.6,35.0,"[2, 23, 30, 27, 23]","[0, 1, 1, 0, 1]"
AppMAIS7R,2022-04-11,16,92.3,33.9,39.08,35776246,24.2,2.8,27.0,8.64,"[23, 23, 30, 23, 22]","[3, 2, 2, 3, 4]"
AppMAIS7R,2022-04-11,17,92.12,31.3,39.13,30071604,17.8,0.8,18.6,22.25,"[18, 17, 18, 19, 17]","[0, 1, 1, 1, 1]"
AppMAIS7R,2022-04-12,09,82.58,37.3,38.1,7792189,5.8,0.8,6.6,7.25,"[5, 7, 5, 6, 6]","[1, 1, 1, 0, 1]"
AppMAIS7R,2022-04-12,12,88.7,38.3,38.25,25431721,21.4,0.8,22.2,26.75,"[14, 22, 25, 24, 22]","[0, 2, 2, 0, 0]"
AppMAIS7R,2022-04-12,14,88.52,36.5,38.65,25050515,11.2,1.0,12.2,11.2,"[9, 12, 11, 12, 12]","[2, 1, 1, 1, 0]"
AppMAIS7R,2022-04-12,15,89.96,41.2,38.6,48721966,22.2,2.0,24.2,11.1,"[13, 23, 24, 26, 25]","[1, 3, 2, 2, 2]"
AppMAIS7R,2022-04-12,16,87.44,34.0,38.79,21242615,21.2,0.2,21.4,106.0,"[23, 23, 20, 20, 20]","[0, 0, 0, 1, 0]"
AppMAIS7R,2022-04-12,19,90.86,48.6,38.4,25689520,17.8,0.4,18.2,44.5,"[17, 17, 19, 20, 16]","[2, 0, 0, 0, 0]"
AppMAIS7R,2022-04-12,20,87.8,43.5,38.43,15282593,0.8,0.2,1.0,4.0,"[1, 1, 1, 0, 1]","[1, 0, 0, 0, 0]"
AppMAIS7R,2022-04-13,10,81.14,47.2,38.02,6405283,6.4,0.4,6.800000000000001,16.0,"[7, 6, 6, 6, 7]","[0, 0, 1, 1, 0]"
AppMAIS7R,2022-04-13,12,84.2,44.4,38.24,18388125,15.8,0.2,16.0,79.0,"[8, 16, 17, 20, 18]","[0, 0, 1, 0, 0]"
AppMAIS7R,2022-04-13,13,81.86,42.7,38.32,12833158,11.2,0.8,12.0,14.0,"[1, 13, 14, 15, 13]","[0, 1, 1, 1, 1]"
AppMAIS7R,2022-04-13,14,87.62,41.8,38.44,20722226,6.2,0.8,7.0,7.75,"[0, 5, 10, 8, 8]","[0, 1, 1, 1, 1]"
AppMAIS7R,2022-04-13,15,88.88,42.5,38.54,30814373,14.8,0.6,15.4,24.67,"[3, 21, 17, 17, 16]","[1, 1, 1, 0, 0]"
AppMAIS7R,2022-04-13,16,84.74,37.9,38.6,11447668,3.8,0.8,4.6,4.75,"[3, 3, 4, 4, 5]","[0, 1, 1, 1, 1]"
AppMAIS7R,2022-04-13,17,84.38,40.2,38.58,4186433,1.2,0.6,1.7999999999999998,2.0,"[3, 1, 0, 1, 1]","[0, 1, 1, 0, 1]"
AppMAIS7R,2022-04-13,18,84.02,39.5,38.55,19112194,7.4,0.2,7.6000000000000005,37.0,"[7, 8, 8, 6, 8]","[0, 1, 0, 0, 0]"
AppMAIS7R,2022-04-14,14,85.64,43.0,38.06,26556173,11.6,0.2,11.799999999999999,58.0,"[0, 4, 14, 20, 20]","[0, 0, 0, 0, 1]"
AppMAIS7R,2022-04-14,16,93.02,49.3,38.19,32636243,18.0,0.6,18.6,30.0,"[16, 18, 18, 19, 19]","[1, 2, 0, 0, 0]"
AppMAIS7R,2022-04-14,17,89.78,39.3,38.42,7962764,2.6,0.2,2.8000000000000003,13.0,"[3, 2, 3, 3, 2]","[0, 1, 0, 0, 0]"
AppMAIS7R,2022-04-14,18,80.24,36.4,38.4,4911260,1.0,0.2,1.2,5.0,"[1, 1, 1, 1, 1]","[0, 0, 0, 1, 0]"
AppMAIS7R,2022-04-15,10,85.1,54.4,38.39,10678886,5.4,0.2,5.6000000000000005,27.0,"[0, 3, 9, 8, 7]","[0, 0, 0, 0, 1]"
AppMAIS7R,2022-04-15,13,93.74,44.4,38.35,34926754,11.2,1.4,12.6,8.0,"[0, 1, 18, 17, 20]","[0, 0, 2, 3, 2]"
AppMAIS7R,2022-04-15,15,93.92,44.9,38.25,33917993,17.4,3.2,20.599999999999998,5.44,"[18, 16, 19, 17, 17]","[2, 5, 4, 3, 2]"
AppMAIS7R,2022-04-15,16,92.48,40.3,37.96,12086445,4.6,1.4,6.0,3.29,"[5, 6, 3, 4, 5]","[1, 2, 2, 0, 2]"
AppMAIS7R,2022-04-16,14,86.36,41.1,38.07,11135779,5.6,0.6,6.199999999999999,9.33,"[4, 6, 7, 6, 5]","[0, 0, 2, 0, 1]"
AppMAIS7R,2022-04-16,16,91.22,42.5,37.93,25311172,8.4,2.4,10.8,3.5,"[7, 10, 7, 7, 11]","[2, 4, 3, 2, 1]"
AppMAIS7R,2022-04-16,18,83.12,40.0,38.01,5075773,3.8,0.4,4.2,9.5,"[3, 4, 4, 4, 4]","[0, 0, 1, 1, 0]"
AppMAIS7R,2022-04-17,12,95.0,43.8,37.83,15930278,5.8,0.2,6.0,29.0,"[0, 4, 8, 8, 9]","[0, 0, 0, 0, 1]"
AppMAIS7R,2022-04-17,13,96.08,42.9,37.79,29195249,8.2,0.6,8.799999999999999,13.67,"[0, 2, 12, 13, 14]","[0, 0, 1, 1, 1]"
AppMAIS7R,2022-04-17,14,97.34,42.3,37.73,33901104,8.4,1.0,9.4,8.4,"[0, 5, 9, 13, 15]","[0, 0, 3, 1, 1]"
AppMAIS7R,2022-04-17,15,95.0,39.4,37.65,31708350,11.2,2.4,13.6,4.67,"[2, 10, 17, 14, 13]","[0, 2, 1, 5, 4]"
AppMAIS7R,2022-04-17,16,91.76,37.7,37.68,24448533,13.6,0.8,14.4,17.0,"[1, 15, 17, 18, 17]","[0, 1, 1, 1, 1]"
AppMAIS7R,2022-04-17,17,87.08,37.0,37.72,8590358,6.2,1.0,7.2,6.2,"[8, 6, 6, 5, 6]","[0, 1, 2, 2, 0]"
AppMAIS7R,2022-04-18,08,75.38,42.8,38.08,1947578,0.0,0.2,0.2,0.0,"[0, 0, 0, 0, 0]","[1, 0, 0, 0, 0]"
AppMAIS7R,2022-04-18,10,74.84,43.4,38.16,1955592,1.2,0.2,1.4,6.0,"[1, 1, 1, 1, 2]","[0, 1, 0, 0, 0]"
AppMAIS7R,2022-04-18,11,75.74,43.8,38.15,1928543,1.0,0.2,1.2,5.0,"[1, 1, 1, 1, 1]","[0, 0, 1, 0, 0]"
AppMAIS7R,2022-04-18,13,77.72,44.6,37.97,1698168,1.4,0.2,1.5999999999999999,7.0,"[1, 1, 1, 1, 3]","[0, 0, 1, 0, 0]"
AppMAIS7R,2022-04-18,15,76.82,45.8,37.77,1879112,1.2,0.2,1.4,6.0,"[1, 1, 1, 2, 1]","[0, 0, 0, 1, 0]"
AppMAIS7R,2022-04-18,16,77.9,46.2,37.63,4235317,1.8,0.2,2.0,9.0,"[0, 3, 4, 1, 1]","[0, 0, 0, 1, 0]"
AppMAIS7R,2022-04-19,16,89.24,45.5,37.06,1929132,0.8,0.2,1.0,4.0,"[1, 0, 1, 1, 1]","[0, 1, 0, 0, 0]"
AppMAIS7R,2022-04-20,13,87.98,46.8,37.34,20474669,6.6,0.2,6.8,33.0,"[0, 1, 11, 10, 11]","[0, 0, 0, 1, 0]"
AppMAIS7R,2022-04-20,14,90.86,47.3,37.26,20558559,5.6,1.0,6.6,5.6,"[0, 6, 9, 6, 7]","[0, 1, 1, 1, 2]"
AppMAIS7R,2022-04-20,16,91.58,46.6,37.49,8128592,3.8,1.0,4.8,3.8,"[5, 4, 4, 3, 3]","[1, 1, 1, 1, 1]"
AppMAIS7R,2022-04-21,14,86.36,46.3,36.66,12882879,2.2,1.4,3.6,1.57,"[1, 4, 2, 2, 2]","[0, 1, 2, 2, 2]"
AppMAIS7R,2022-04-21,15,88.88,46.7,36.73,21464426,8.2,0.8,9.0,10.25,"[0, 10, 10, 10, 11]","[0, 1, 1, 1, 1]"
AppMAIS7R,2022-04-21,16,91.94,45.9,36.86,21193777,7.6,1.2,8.799999999999999,6.33,"[5, 7, 7, 10, 9]","[0, 0, 1, 2, 3]"
AppMAIS7R,2022-04-21,17,88.7,45.2,37.02,12711055,6.8,0.2,7.0,34.0,"[7, 6, 7, 7, 7]","[0, 1, 0, 0, 0]"
AppMAIS7R,2022-04-21,18,84.92,44.8,37.14,6716112,2.8,0.6,3.4,4.67,"[2, 2, 3, 4, 3]","[0, 2, 1, 0, 0]"
AppMAIS7R,2022-04-22,11,89.6,47.3,36.6,12253470,8.0,0.4,8.4,20.0,"[5, 8, 7, 9, 11]","[0, 0, 2, 0, 0]"
AppMAIS7R,2022-04-22,13,92.84,46.9,36.78,26959165,6.4,0.6,7.0,10.67,"[0, 1, 10, 11, 10]","[0, 0, 1, 1, 1]"
AppMAIS7R,2022-04-22,14,94.46,44.3,36.75,27777503,8.6,0.8,9.4,10.75,"[0, 3, 11, 15, 14]","[0, 0, 2, 1, 1]"
AppMAIS7R,2022-04-22,15,98.06,43.9,36.99,22029526,11.0,0.2,11.2,55.0,"[6, 15, 14, 11, 9]","[0, 0, 0, 0, 1]"
AppMAIS7R,2022-04-22,17,88.7,42.3,36.77,17671565,5.4,1.6,7.0,3.38,"[5, 5, 5, 6, 6]","[0, 2, 2, 2, 2]"
AppMAIS7R,2022-04-22,18,85.46,42.5,36.84,6133032,5.2,0.2,5.4,26.0,"[4, 5, 6, 5, 6]","[0, 1, 0, 0, 0]"
AppMAIS7R,2022-04-22,20,82.58,41.8,36.8,3581151,2.2,0.4,2.6,5.5,"[3, 2, 2, 2, 2]","[0, 1, 1, 0, 0]"
AppMAIS7R,2022-04-23,10,90.68,43.9,36.32,17267903,4.4,0.6,5.0,7.33,"[0, 1, 6, 8, 7]","[0, 0, 1, 1, 1]"
AppMAIS7R,2022-04-23,13,94.64,41.7,36.6,8211475,2.2,0.2,2.4000000000000004,11.0,"[0, 2, 2, 5, 2]","[0, 0, 0, 0, 1]"
AppMAIS7R,2022-04-23,14,96.08,41.0,36.58,12652934,2.0,1.0,3.0,2.0,"[0, 0, 4, 3, 3]","[0, 1, 2, 1, 1]"
AppMAIS7R,2022-04-23,15,95.54,40.6,36.46,13291684,10.4,0.8,11.200000000000001,13.0,"[7, 10, 14, 10, 11]","[0, 1, 1, 1, 1]"
AppMAIS7R,2022-04-24,11,94.82,42.2,36.32,7870758,3.2,0.2,3.4000000000000004,16.0,"[0, 1, 4, 6, 5]","[0, 0, 0, 0, 1]"
AppMAIS7R,2022-04-24,14,94.64,40.4,36.24,10396606,2.2,0.4,2.6,5.5,"[0, 0, 2, 5, 4]","[0, 0, 1, 1, 0]"
AppMAIS7R,2022-04-24,15,95.54,39.6,36.16,16410587,7.0,1.0,8.0,7.0,"[2, 8, 10, 10, 5]","[1, 1, 1, 1, 1]"
AppMAIS7R,2022-04-24,16,94.64,38.7,36.11,7769585,8.6,1.0,9.6,8.6,"[9, 10, 7, 7, 10]","[0, 0, 2, 2, 1]"
AppMAIS7R,2022-04-24,17,88.34,38.7,36.14,9967896,3.8,0.2,4.0,19.0,"[4, 5, 3, 4, 3]","[0, 1, 0, 0, 0]"
AppMAIS7R,2022-04-25,11,96.98,40.9,36.02,9506064,2.6,0.2,2.8000000000000003,13.0,"[0, 0, 2, 5, 6]","[0, 0, 0, 1, 0]"
AppMAIS7R,2022-04-25,13,99.86,38.4,36.06,12251637,4.0,0.2,4.2,20.0,"[0, 0, 6, 7, 7]","[0, 0, 0, 0, 1]"
AppMAIS7R,2022-04-25,14,95.54,38.5,36.07,11071599,5.8,1.6,7.4,3.62,"[4, 7, 6, 6, 6]","[1, 2, 3, 1, 1]"
AppMAIS7R,2022-04-25,15,90.86,39.2,35.99,21594022,7.2,1.0,8.2,7.2,"[6, 9, 9, 7, 5]","[0, 2, 1, 1, 1]"
AppMAIS7R,2022-04-25,16,92.66,39.3,35.99,14695473,5.0,1.4,6.4,3.57,"[2, 6, 4, 6, 7]","[1, 1, 2, 2, 1]"
AppMAIS7R,2022-04-25,17,88.88,39.4,35.97,8578109,3.0,0.6,3.6,5.0,"[4, 4, 3, 2, 2]","[0, 0, 1, 1, 1]"
AppMAIS7R,2022-04-26,14,82.94,42.9,35.85,3889068,1.8,0.2,2.0,9.0,"[3, 2, 2, 1, 1]","[0, 0, 0, 0, 1]"
AppMAIS7R,2022-04-27,12,94.64,44.1,35.98,9605093,3.4,0.2,3.6,17.0,"[0, 1, 6, 5, 5]","[0, 1, 0, 0, 0]"
AppMAIS7R,2022-04-27,13,96.8,43.4,35.93,15185810,5.2,0.2,5.4,26.0,"[0, 1, 8, 10, 7]","[0, 0, 0, 0, 1]"
AppMAIS7R,2022-04-28,12,96.26,41.2,35.77,12298560,3.4,0.2,3.6,17.0,"[0, 0, 5, 7, 5]","[0, 0, 1, 0, 0]"
AppMAIS7R,2022-04-28,13,98.06,40.4,35.79,13735858,3.8,1.0,4.8,3.8,"[0, 1, 8, 6, 4]","[0, 0, 1, 2, 2]"
AppMAIS7R,2022-04-28,15,96.44,38.4,35.73,10382528,5.4,0.6,6.0,9.0,"[2, 6, 5, 6, 8]","[0, 0, 1, 1, 1]"
AppMAIS7R,2022-04-28,16,95.9,38.3,35.74,10427793,9.0,1.0,10.0,9.0,"[7, 9, 11, 10, 8]","[1, 1, 1, 1, 1]"
AppMAIS7R,2022-04-29,11,91.22,40.3,35.66,7614186,2.4,0.2,2.6,12.0,"[0, 0, 4, 4, 4]","[0, 0, 0, 0, 1]"
AppMAIS7R,2022-04-29,14,95.9,37.9,35.69,9179854,2.2,1.0,3.2,2.2,"[1, 2, 2, 3, 3]","[0, 1, 2, 1, 1]"
AppMAIS7R,2022-04-30,11,87.62,39.1,35.49,6604942,3.6,0.2,3.8000000000000003,18.0,"[3, 3, 4, 4, 4]","[1, 0, 0, 0, 0]"
AppMAIS7R,2022-04-30,15,90.14,38.6,35.56,10271268,4.2,1.0,5.2,4.2,"[4, 5, 5, 4, 3]","[0, 1, 1, 2, 1]"
AppMAIS7R,2022-04-30,16,89.6,38.2,35.6,6051410,3.2,0.2,3.4000000000000004,16.0,"[1, 5, 6, 2, 2]","[1, 0, 0, 0, 0]"
AppMAIS7R,2022-04-30,17,86.18,38.9,35.58,7056917,3.8,0.2,4.0,19.0,"[1, 4, 5, 5, 4]","[0, 0, 0, 0, 1]"
AppMAIS7R,2022-05-01,13,90.68,40.9,35.59,6090956,3.8,1.0,4.8,3.8,"[4, 3, 4, 4, 4]","[0, 2, 1, 1, 1]"
AppMAIS7R,2022-05-02,16,97.16,41.7,35.93,8343393,2.8,1.0,3.8,2.8,"[3, 4, 3, 2, 2]","[0, 0, 1, 2, 2]"
AppMAIS7R,2022-05-03,13,95.9,42.6,35.49,7927143,1.8,0.4,2.2,4.5,"[0, 3, 2, 2, 2]","[0, 0, 0, 1, 1]"
AppMAIS7R,2022-05-03,14,89.96,43.0,35.51,4016461,1.4,0.2,1.5999999999999999,7.0,"[0, 2, 2, 1, 2]","[1, 0, 0, 0, 0]"
AppMAIS7R,2022-05-04,14,98.24,44.6,35.6,7824855,2.4,0.6,3.0,4.0,"[1, 0, 5, 2, 4]","[0, 0, 1, 1, 1]"
AppMAIS7R,2022-05-04,15,97.7,43.8,35.68,9835755,1.4,0.6,2.0,2.33,"[0, 1, 2, 2, 2]","[0, 0, 1, 1, 1]"
AppMAIS7R,2022-05-04,16,97.16,44.0,35.87,10432765,7.2,1.0,8.2,7.2,"[7, 8, 6, 6, 9]","[1, 1, 1, 1, 1]"
AppMAIS7R,2022-05-05,17,88.7,45.3,35.42,6384043,3.2,0.4,3.6,8.0,"[2, 5, 4, 2, 3]","[2, 0, 0, 0, 0]"
AppMAIS7R,2022-05-06,13,87.98,49.0,35.44,4135505,0.6,0.2,0.8,3.0,"[0, 0, 1, 1, 1]","[0, 0, 0, 0, 1]"
AppMAIS7R,2022-05-08,16,88.7,59.6,34.98,3436349,1.2,0.2,1.4,6.0,"[0, 2, 1, 1, 2]","[0, 1, 0, 0, 0]"
AppMAIS7R,2022-05-09,13,95.9,59.2,34.65,30634381,6.8,0.8,7.6,8.5,"[0, 6, 9, 9, 10]","[0, 0, 1, 1, 2]"
AppMAIS7R,2022-05-09,15,96.08,57.6,34.72,9403586,3.8,1.2,5.0,3.17,"[5, 6, 3, 1, 4]","[0, 1, 1, 2, 2]"
AppMAIS7R,2022-05-09,16,95.72,55.1,34.89,9780890,3.4,0.6,4.0,5.67,"[4, 3, 4, 5, 1]","[1, 1, 0, 0, 1]"
AppMAIS7R,2022-05-10,14,100.04,49.6,35.24,9919683,1.4,0.6,2.0,2.33,"[0, 2, 3, 1, 1]","[0, 0, 1, 1, 1]"
AppMAIS7R,2022-05-11,14,100.4,42.5,35.19,6859249,2.0,0.2,2.2,10.0,"[1, 2, 2, 3, 2]","[0, 1, 0, 0, 0]"
AppMAIS7R,2022-05-11,16,98.06,40.5,35.1,18185523,6.8,1.0,7.8,6.8,"[8, 5, 5, 9, 7]","[2, 1, 1, 1, 0]"
AppMAIS7R,2022-05-11,19,85.82,41.4,35.19,4259738,0.4,0.2,0.6000000000000001,2.0,"[0, 0, 0, 1, 1]","[1, 0, 0, 0, 0]"
AppMAIS7R,2022-05-13,15,94.28,46.4,35.31,9846132,4.0,0.4,4.4,10.0,"[3, 6, 3, 4, 4]","[0, 0, 1, 1, 0]"
AppMAIS7R,2022-05-13,16,94.1,46.3,35.17,10531504,6.8,0.2,7.0,34.0,"[5, 7, 7, 7, 8]","[0, 1, 0, 0, 0]"
AppMAIS7R,2022-05-15,13,95.9,44.8,35.15,11668835,3.0,0.4,3.4,7.5,"[0, 1, 5, 5, 4]","[0, 0, 0, 0, 2]"
AppMAIS7R,2022-05-15,14,92.66,44.9,35.26,14756173,7.2,0.8,8.0,9.0,"[0, 12, 10, 7, 7]","[0, 1, 1, 1, 1]"
AppMAIS7R,2022-05-15,15,94.28,43.5,35.34,13701837,3.4,0.8,4.2,4.25,"[1, 3, 4, 5, 4]","[0, 1, 1, 1, 1]"
AppMAIS7R,2022-05-16,12,95.18,47.7,35.52,16086141,10.2,0.2,10.399999999999999,51.0,"[0, 12, 15, 11, 13]","[0, 1, 0, 0, 0]"
AppMAIS7R,2022-05-16,14,94.82,44.6,35.76,11080034,2.2,0.2,2.4000000000000004,11.0,"[0, 1, 3, 3, 4]","[0, 0, 0, 0, 1]"
AppMAIS7R,2022-05-16,15,90.32,44.5,35.72,12999746,8.0,0.6,8.6,13.33,"[1, 7, 9, 10, 13]","[0, 0, 1, 1, 1]"
AppMAIS7R,2022-05-17,11,96.44,43.5,35.44,20342424,6.2,0.2,6.4,31.0,"[0, 0, 9, 13, 9]","[0, 0, 1, 0, 0]"
AppMAIS7R,2022-05-17,12,97.7,41.6,35.66,22019363,7.0,0.2,7.2,35.0,"[0, 0, 14, 10, 11]","[0, 0, 0, 0, 1]"
AppMAIS7R,2022-05-17,14,98.24,39.9,35.87,14093968,4.6,1.0,5.6,4.6,"[2, 5, 6, 6, 4]","[1, 1, 1, 1, 1]"
AppMAIS7R,2022-05-17,15,98.24,40.3,35.91,19070361,10.8,0.4,11.200000000000001,27.0,"[7, 8, 13, 13, 13]","[2, 0, 0, 0, 0]"
AppMAIS7R,2022-05-18,16,93.92,36.2,36.48,16052653,7.2,0.2,7.4,36.0,"[6, 11, 8, 7, 4]","[0, 0, 1, 0, 0]"
AppMAIS7R,2022-05-19,15,90.86,40.8,37.1,17570365,5.0,0.2,5.2,25.0,"[1, 5, 6, 7, 6]","[0, 0, 1, 0, 0]"
AppMAIS7R,2022-05-19,16,94.46,41.0,37.05,23358649,10.6,0.2,10.799999999999999,53.0,"[7, 13, 10, 13, 10]","[1, 0, 0, 0, 0]"
AppMAIS7R,2022-05-20,10,94.46,44.2,37.4,33606662,6.4,0.6,7.0,10.67,"[0, 0, 9, 14, 9]","[0, 0, 0, 1, 2]"
AppMAIS7R,2022-05-20,12,98.06,41.6,37.83,22676809,6.2,0.2,6.4,31.0,"[0, 1, 8, 11, 11]","[0, 0, 0, 1, 0]"
AppMAIS7R,2022-05-20,15,95.54,41.7,37.9,12518868,8.2,1.0,9.2,8.2,"[7, 9, 8, 8, 9]","[1, 1, 1, 1, 1]"
AppMAIS7R,2022-05-20,17,88.7,41.2,38.06,18982362,13.6,0.2,13.799999999999999,68.0,"[12, 10, 12, 17, 17]","[1, 0, 0, 0, 0]"
AppMAIS7R,2022-05-20,19,86.36,41.6,38.22,13697665,5.4,1.2,6.6000000000000005,4.5,"[6, 7, 5, 5, 4]","[2, 1, 1, 1, 1]"
AppMAIS7R,2022-05-21,13,92.66,41.5,38.7,16939198,8.2,0.2,8.399999999999999,41.0,"[0, 4, 14, 11, 12]","[0, 0, 0, 1, 0]"
AppMAIS7R,2022-05-21,15,89.6,41.4,38.83,15809036,11.4,0.2,11.6,57.0,"[11, 12, 12, 10, 12]","[0, 0, 0, 0, 1]"
AppMAIS7R,2022-05-21,17,85.46,43.6,38.9,34010139,17.6,0.2,17.8,88.0,"[12, 19, 20, 17, 20]","[0, 0, 1, 0, 0]"
AppMAIS7R,2022-05-25,10,80.78,51.1,38.19,5683286,6.4,0.2,6.6000000000000005,32.0,"[2, 7, 7, 8, 8]","[1, 0, 0, 0, 0]"
AppMAIS7R,2022-05-26,11,80.78,51.7,39.23,6140874,6.4,0.2,6.6000000000000005,32.0,"[7, 6, 6, 6, 7]","[1, 0, 0, 0, 0]"
AppMAIS7R,2022-05-26,18,83.12,51.2,39.37,3046633,2.8,0.8,3.5999999999999996,3.5,"[2, 3, 3, 3, 3]","[0, 1, 1, 1, 1]"
AppMAIS7R,2022-05-26,19,83.3,51.0,39.56,2670944,2.4,0.8,3.2,3.0,"[3, 1, 3, 2, 3]","[0, 1, 1, 1, 1]"
AppMAIS7R,2022-05-27,10,87.8,52.1,39.91,10475119,0.2,0.2,0.4,1.0,"[0, 0, 0, 0, 1]","[0, 0, 0, 0, 1]"
AppMAIS7R,2022-05-27,11,92.12,51.0,39.75,30883062,7.2,0.6,7.8,12.0,"[5, 8, 9, 6, 8]","[0, 1, 1, 0, 1]"
AppMAIS7R,2022-05-27,16,83.3,52.3,40.61,8882017,1.8,0.2,2.0,9.0,"[1, 2, 2, 1, 3]","[1, 0, 0, 0, 0]"
AppMAIS7R,2022-05-28,09,81.14,52.8,38.41,5521399,6.6,0.2,6.8,33.0,"[5, 7, 7, 7, 7]","[1, 0, 0, 0, 0]"
AppMAIS7R,2022-05-28,14,88.7,50.9,38.48,20189499,5.6,0.8,6.3999999999999995,7.0,"[0, 7, 9, 6, 6]","[0, 1, 1, 1, 1]"
AppMAIS7R,2022-05-28,15,88.88,50.1,38.61,23891479,13.8,0.2,14.0,69.0,"[1, 17, 18, 16, 17]","[0, 0, 0, 1, 0]"
AppMAIS7R,2022-05-29,11,94.28,48.4,40.66,34006440,10.8,0.4,11.200000000000001,27.0,"[0, 1, 17, 17, 19]","[0, 1, 0, 0, 1]"
AppMAIS7R,2022-05-29,12,97.16,47.1,40.83,35969121,15.6,0.4,16.0,39.0,"[0, 11, 22, 22, 23]","[0, 0, 1, 0, 1]"
AppMAIS7R,2022-05-29,14,97.34,46.2,41.26,25878737,8.0,0.8,8.8,10.0,"[0, 8, 11, 8, 13]","[0, 1, 1, 1, 1]"
AppMAIS7R,2022-05-29,15,96.26,45.8,41.46,23719962,12.0,0.2,12.2,60.0,"[4, 10, 14, 17, 15]","[0, 0, 0, 0, 1]"
AppMAIS7R,2022-05-29,17,86.72,45.7,42.03,20463207,10.4,0.2,10.6,52.0,"[11, 11, 10, 12, 8]","[0, 0, 1, 0, 0]"
AppMAIS7R,2022-05-30,09,87.26,48.5,40.49,25181866,6.8,0.2,7.0,34.0,"[0, 3, 10, 11, 10]","[0, 0, 0, 1, 0]"
AppMAIS7R,2022-05-30,10,93.74,47.2,40.87,36184212,11.4,0.2,11.6,57.0,"[2, 15, 13, 15, 12]","[0, 0, 0, 0, 1]"
AppMAIS7R,2022-05-30,18,85.46,47.3,42.12,14422982,10.4,0.4,10.8,26.0,"[9, 11, 12, 10, 10]","[1, 1, 0, 0, 0]"
AppMAIS7R,2022-05-30,19,85.28,47.4,42.05,14056638,10.0,0.2,10.2,50.0,"[9, 10, 9, 11, 11]","[0, 0, 0, 1, 0]"
AppMAIS7R,2022-05-31,08,80.96,51.5,40.86,23629201,10.4,0.2,10.6,52.0,"[0, 13, 13, 12, 14]","[0, 0, 0, 1, 0]"
AppMAIS7R,2022-05-31,11,96.98,48.3,42.16,41246159,14.2,0.4,14.6,35.5,"[0, 5, 22, 24, 20]","[0, 0, 0, 1, 1]"
AppMAIS7R,2022-05-31,13,96.98,47.9,42.59,27659781,8.8,0.2,9.0,44.0,"[0, 6, 14, 11, 13]","[0, 0, 1, 0, 0]"
AppMAIS7R,2022-05-31,14,92.48,47.2,47.02,24140793,11.6,0.8,12.4,14.5,"[5, 12, 13, 14, 14]","[0, 1, 1, 1, 1]"
AppMAIS7R,2022-06-01,14,96.08,47.1,47.91,35488565,19.4,0.2,19.599999999999998,97.0,"[1, 23, 23, 26, 24]","[0, 0, 0, 0, 1]"
AppMAIS7R,2022-06-01,15,96.26,47.1,47.94,49034464,38.0,0.6,38.6,63.33,"[12, 43, 41, 48, 46]","[0, 1, 1, 0, 1]"
AppMAIS7R,2022-06-01,16,95.54,47.0,47.89,42948078,28.2,1.6,29.8,17.62,"[28, 26, 26, 28, 33]","[1, 2, 1, 2, 2]"
AppMAIS7R,2022-06-02,08,91.76,46.6,47.77,29052789,10.4,0.2,10.6,52.0,"[1, 12, 14, 14, 11]","[0, 0, 0, 1, 0]"
AppMAIS7R,2022-06-02,10,94.28,45.6,48.27,46069145,13.2,0.6,13.799999999999999,22.0,"[0, 7, 20, 22, 17]","[0, 1, 1, 0, 1]"
AppMAIS7R,2022-06-02,11,96.44,46.0,48.43,53323101,26.0,0.8,26.8,32.5,"[1, 20, 37, 38, 34]","[1, 1, 0, 1, 1]"
AppMAIS7R,2022-06-02,13,96.44,46.7,48.45,40685432,18.2,0.4,18.599999999999998,45.5,"[2, 13, 23, 27, 26]","[0, 0, 1, 0, 1]"
AppMAIS7R,2022-06-02,14,96.44,46.9,48.35,41886649,20.2,0.8,21.0,25.25,"[7, 16, 23, 28, 27]","[0, 0, 0, 2, 2]"
AppMAIS7R,2022-06-02,15,96.62,47.0,48.38,48520620,38.6,0.4,39.0,96.5,"[27, 43, 41, 41, 41]","[0, 0, 0, 1, 1]"
AppMAIS7R,2022-06-02,17,93.2,47.0,48.24,54004569,28.0,1.2,29.2,23.33,"[27, 27, 23, 30, 33]","[2, 1, 2, 1, 0]"
AppMAIS7R,2022-06-02,19,92.12,46.6,48.41,22858449,21.6,0.2,21.8,108.0,"[22, 22, 22, 20, 22]","[0, 0, 1, 0, 0]"
AppMAIS7R,2022-06-02,20,91.22,46.4,48.36,20072712,25.2,0.4,25.599999999999998,63.0,"[27, 25, 26, 24, 24]","[1, 0, 1, 0, 0]"
AppMAIS7R,2022-06-03,10,89.96,45.3,48.46,18579963,9.4,0.2,9.6,47.0,"[10, 8, 10, 11, 8]","[0, 0, 1, 0, 0]"
AppMAIS7R,2022-06-03,11,90.14,45.2,48.54,27338425,19.0,0.4,19.4,47.5,"[18, 17, 22, 19, 19]","[0, 1, 0, 0, 1]"
AppMAIS7R,2022-06-03,12,90.5,44.8,48.53,23621065,15.6,0.8,16.4,19.5,"[14, 15, 15, 16, 18]","[0, 1, 1, 2, 0]"
AppMAIS7R,2022-06-03,14,90.86,44.9,48.67,25080661,8.6,0.2,8.799999999999999,43.0,"[2, 12, 11, 8, 10]","[0, 1, 0, 0, 0]"
AppMAIS7R,2022-06-03,15,92.12,44.7,48.74,25645248,14.6,1.0,15.6,14.6,"[15, 15, 14, 15, 14]","[0, 1, 2, 1, 1]"
AppMAIS7R,2022-06-03,16,93.02,44.4,48.9,33665855,28.0,0.4,28.4,70.0,"[15, 32, 30, 31, 32]","[1, 0, 0, 1, 0]"
AppMAIS7R,2022-06-03,17,92.84,44.1,48.83,23210607,18.6,0.2,18.8,93.0,"[18, 22, 19, 18, 16]","[0, 1, 0, 0, 0]"
AppMAIS7R,2022-06-03,18,91.94,44.3,48.81,18713089,10.4,0.2,10.6,52.0,"[12, 7, 12, 11, 10]","[1, 0, 0, 0, 0]"
AppMAIS7R,2022-06-04,08,89.78,43.8,48.51,17784739,9.4,0.2,9.6,47.0,"[1, 7, 13, 14, 12]","[0, 0, 0, 0, 1]"
AppMAIS7R,2022-06-04,13,94.1,41.2,48.99,19557501,13.0,0.4,13.4,32.5,"[5, 12, 16, 18, 14]","[0, 0, 0, 0, 2]"
AppMAIS7R,2022-06-04,15,94.28,40.8,48.74,49153116,24.2,1.4,25.599999999999998,17.29,"[17, 27, 25, 23, 29]","[0, 1, 2, 1, 3]"
AppMAIS7R,2022-06-04,19,91.58,40.0,49.0,13236746,6.6,0.2,6.8,33.0,"[8, 6, 7, 6, 6]","[0, 1, 0, 0, 0]"
AppMAIS7R,2022-06-05,08,90.14,39.9,-1.0,22946195,13.0,0.6,13.6,21.67,"[4, 11, 17, 17, 16]","[0, 1, 0, 1, 1]"
AppMAIS7R,2022-06-05,13,94.46,37.8,49.4,19602665,16.0,0.4,16.4,40.0,"[18, 19, 11, 14, 18]","[0, 0, 2, 0, 0]"
AppMAIS7R,2022-06-05,14,94.46,37.7,49.3,22701705,12.2,0.4,12.6,30.5,"[13, 12, 11, 12, 13]","[1, 0, 1, 0, 0]"
AppMAIS7R,2022-06-05,16,93.92,37.4,49.37,30311216,13.0,1.2,14.2,10.83,"[9, 20, 10, 13, 13]","[0, 2, 2, 1, 1]"
AppMAIS7R,2022-06-05,18,92.48,36.9,49.37,19459864,12.8,0.2,13.0,64.0,"[12, 13, 16, 14, 9]","[1, 0, 0, 0, 0]"
AppMAIS7R,2022-06-06,08,90.14,36.8,49.07,10952816,5.8,0.2,6.0,29.0,"[0, 7, 8, 7, 7]","[0, 0, 1, 0, 0]"
AppMAIS7R,2022-06-06,10,90.5,36.0,49.59,28795796,6.0,0.4,6.4,15.0,"[0, 3, 9, 10, 8]","[0, 0, 0, 1, 1]"
AppMAIS7R,2022-06-06,11,93.02,35.9,49.66,26980129,9.4,0.2,9.6,47.0,"[0, 3, 13, 15, 16]","[0, 0, 0, 1, 0]"
AppMAIS7R,2022-06-06,12,94.1,35.8,49.83,26636085,11.2,0.2,11.399999999999999,56.0,"[0, 5, 16, 17, 18]","[0, 0, 0, 0, 1]"
AppMAIS7R,2022-06-06,13,94.1,35.9,49.87,17753175,10.8,0.2,11.0,54.0,"[1, 10, 18, 12, 13]","[0, 0, 0, 0, 1]"
AppMAIS7R,2022-06-06,15,94.28,36.2,50.0,18727759,13.0,0.2,13.2,65.0,"[3, 13, 16, 16, 17]","[0, 1, 0, 0, 0]"
AppMAIS7R,2022-06-06,17,93.56,36.2,49.9,27501266,17.4,0.2,17.599999999999998,87.0,"[13, 16, 19, 19, 20]","[1, 0, 0, 0, 0]"
AppMAIS7R,2022-06-06,18,92.48,36.3,50.09,22636885,14.8,0.4,15.200000000000001,37.0,"[16, 14, 15, 14, 15]","[0, 1, 0, 1, 0]"
AppMAIS7R,2022-06-06,19,91.22,36.4,50.06,19635217,8.6,0.2,8.799999999999999,43.0,"[10, 7, 8, 8, 10]","[0, 0, 0, 1, 0]"
AppMAIS7R,2022-06-07,12,92.66,36.5,50.46,16113953,12.4,0.2,12.6,62.0,"[7, 14, 14, 14, 13]","[0, 0, 0, 1, 0]"
AppMAIS7R,2022-06-07,13,91.94,36.6,50.51,16633133,14.0,0.4,14.4,35.0,"[7, 17, 17, 15, 14]","[1, 0, 0, 0, 1]"
AppMAIS7R,2022-06-07,16,93.02,37.1,50.65,44256955,25.0,1.4,26.4,17.86,"[18, 22, 24, 30, 31]","[1, 2, 1, 2, 1]"
AppMAIS7R,2022-06-07,17,93.38,37.3,50.71,26263952,14.8,0.2,15.0,74.0,"[14, 17, 14, 14, 15]","[0, 0, 0, 1, 0]"
AppMAIS7R,2022-06-07,20,92.3,38.1,51.05,23124991,21.0,0.2,21.2,105.0,"[21, 23, 21, 20, 20]","[1, 0, 0, 0, 0]"
AppMAIS7R,2022-06-08,09,89.6,40.0,50.9,30967846,16.0,0.4,16.4,40.0,"[2, 19, 20, 20, 19]","[0, 0, 1, 0, 1]"
AppMAIS7R,2022-06-08,10,92.12,39.6,50.91,43390551,14.2,0.8,15.0,17.75,"[0, 0, 22, 25, 24]","[0, 0, 1, 1, 2]"
AppMAIS7R,2022-06-08,12,95.9,40.5,51.3,37307513,26.8,0.2,27.0,134.0,"[1, 23, 38, 35, 37]","[0, 0, 0, 0, 1]"
AppMAIS7R,2022-06-08,15,94.28,41.8,51.42,47565782,26.6,1.0,27.6,26.6,"[14, 25, 35, 30, 29]","[0, 1, 1, 1, 2]"
AppMAIS7R,2022-06-08,17,92.12,42.3,51.47,30200230,14.6,1.0,15.6,14.6,"[9, 17, 15, 16, 16]","[0, 2, 2, 1, 0]"
AppMAIS7R,2022-06-08,19,92.3,42.6,51.48,33288896,30.4,0.2,30.599999999999998,152.0,"[32, 30, 31, 30, 29]","[0, 1, 0, 0, 0]"
AppMAIS7R,2022-06-09,08,91.4,42.4,51.19,20704880,17.0,0.2,17.2,85.0,"[18, 18, 17, 15, 17]","[1, 0, 0, 0, 0]"
AppMAIS7R,2022-06-09,09,90.14,43.7,51.35,14501026,9.2,0.2,9.399999999999999,46.0,"[8, 7, 9, 11, 11]","[0, 1, 0, 0, 0]"
AppMAIS7R,2022-06-09,10,90.68,44.0,51.29,32387623,15.4,0.2,15.6,77.0,"[0, 7, 21, 28, 21]","[0, 0, 0, 0, 1]"
AppMAIS7R,2022-06-09,13,95.0,43.8,51.7,29818185,16.8,1.0,17.8,16.8,"[3, 9, 24, 26, 22]","[2, 0, 0, 2, 1]"
AppMAIS7R,2022-06-09,14,94.64,43.7,51.6,24651320,15.6,0.8,16.4,19.5,"[7, 10, 18, 22, 21]","[0, 1, 1, 1, 1]"
AppMAIS7R,2022-06-09,15,94.82,43.6,51.59,27605176,27.4,1.2,28.599999999999998,22.83,"[28, 27, 28, 27, 27]","[1, 2, 1, 1, 1]"
AppMAIS7R,2022-06-09,16,94.1,43.4,51.49,40799356,25.0,0.4,25.4,62.5,"[26, 27, 23, 23, 26]","[1, 0, 0, 1, 0]"
AppMAIS7R,2022-06-09,17,92.3,43.3,51.31,26268103,20.0,1.2,21.2,16.67,"[20, 18, 19, 21, 22]","[2, 1, 1, 0, 2]"
AppMAIS7R,2022-06-10,08,89.96,43.0,50.92,29350322,9.2,0.4,9.6,23.0,"[0, 10, 11, 12, 13]","[0, 1, 0, 1, 0]"
AppMAIS7R,2022-06-10,12,93.74,40.4,51.54,23291502,11.4,0.4,11.8,28.5,"[0, 9, 14, 18, 16]","[0, 1, 1, 0, 0]"
AppMAIS7R,2022-06-10,19,90.86,39.2,51.17,14708644,9.2,0.2,9.399999999999999,46.0,"[11, 7, 10, 9, 9]","[0, 1, 0, 0, 0]"
AppMAIS7R,2022-06-11,12,92.66,38.0,51.8,13651651,5.8,0.4,6.2,14.5,"[2, 6, 6, 7, 8]","[0, 1, 1, 0, 0]"
AppMAIS7R,2022-06-11,15,93.2,37.9,51.81,30332180,20.8,1.2,22.0,17.33,"[14, 22, 23, 24, 21]","[1, 1, 2, 1, 1]"
AppMAIS7R,2022-06-11,16,94.82,38.1,51.88,34535205,16.0,0.6,16.6,26.67,"[15, 17, 15, 18, 15]","[1, 1, 0, 0, 1]"
AppMAIS7R,2022-06-11,17,93.38,38.1,51.8,33008438,23.4,0.2,23.599999999999998,117.0,"[21, 25, 23, 23, 25]","[0, 0, 0, 0, 1]"
AppMAIS7R,2022-06-11,18,92.3,38.2,51.79,26884921,22.8,0.4,23.2,57.0,"[19, 24, 24, 24, 23]","[0, 1, 1, 0, 0]"
AppMAIS7R,2022-06-11,19,91.94,38.1,51.95,27449966,18.8,0.2,19.0,94.0,"[21, 23, 15, 16, 19]","[0, 1, 0, 0, 0]"
AppMAIS7R,2022-06-12,10,94.64,38.3,52.35,34627598,18.8,1.2,20.0,15.67,"[17, 20, 20, 17, 20]","[2, 1, 1, 2, 0]"
AppMAIS7R,2022-06-12,11,95.54,38.6,52.42,28981414,19.0,0.2,19.2,95.0,"[1, 22, 25, 24, 23]","[0, 0, 0, 1, 0]"
AppMAIS7R,2022-06-12,14,96.98,40.1,52.45,45329260,27.6,0.6,28.200000000000003,46.0,"[16, 28, 33, 27, 34]","[0, 1, 0, 1, 1]"
AppMAIS7R,2022-06-12,15,97.16,40.5,52.44,60370253,37.2,0.8,38.0,46.5,"[32, 37, 41, 37, 39]","[1, 1, 1, 0, 1]"
AppMAIS7R,2022-06-12,16,96.62,41.2,52.5,59829091,43.6,0.2,43.800000000000004,218.0,"[40, 43, 45, 44, 46]","[0, 0, 1, 0, 0]"
AppMAIS7R,2022-06-12,17,94.46,41.4,52.53,49509060,41.0,0.8,41.8,51.25,"[39, 40, 41, 39, 46]","[1, 1, 1, 1, 0]"
AppMAIS7R,2022-06-12,18,93.56,41.8,52.6,44282291,32.6,0.6,33.2,54.33,"[31, 33, 32, 35, 32]","[2, 0, 0, 1, 0]"
AppMAIS7R,2022-06-12,19,93.02,41.9,52.74,34560179,27.4,0.4,27.799999999999997,68.5,"[26, 27, 28, 27, 29]","[1, 0, 0, 1, 0]"
AppMAIS7R,2022-06-12,20,92.84,41.9,52.87,52486044,37.6,0.4,38.0,94.0,"[38, 36, 39, 36, 39]","[0, 1, 0, 1, 0]"
AppMAIS7R,2022-06-13,09,93.92,42.0,53.11,39985478,14.2,0.4,14.6,35.5,"[0, 13, 20, 18, 20]","[0, 0, 1, 1, 0]"
AppMAIS7R,2022-06-13,11,97.34,43.1,53.27,61105803,28.6,0.2,28.8,143.0,"[1, 21, 39, 42, 40]","[0, 0, 1, 0, 0]"
AppMAIS7R,2022-06-13,15,97.16,45.8,53.38,49380650,28.2,0.2,28.4,141.0,"[14, 27, 35, 33, 32]","[0, 0, 0, 0, 1]"
AppMAIS7R,2022-06-13,16,97.7,46.4,53.43,30189500,17.0,0.6,17.6,28.33,"[18, 17, 19, 17, 14]","[0, 0, 1, 1, 1]"
AppMAIS7R,2022-06-13,18,95.0,47.4,53.76,47385683,34.0,0.6,34.6,56.67,"[34, 36, 36, 33, 31]","[2, 0, 0, 1, 0]"
AppMAIS7R,2022-06-13,19,93.38,47.9,53.75,60531070,39.4,1.2,40.6,32.83,"[37, 36, 43, 40, 41]","[1, 2, 1, 0, 2]"
AppMAIS7R,2022-06-13,20,93.38,47.9,53.89,65216828,31.6,0.4,32.0,79.0,"[39, 31, 32, 31, 25]","[1, 0, 0, 1, 0]"
AppMAIS7R,2022-06-14,10,90.14,47.8,54.28,22706593,21.0,0.4,21.4,52.5,"[23, 22, 20, 21, 19]","[0, 0, 0, 0, 2]"
AppMAIS7R,2022-06-14,12,92.48,47.8,54.08,37095945,21.8,0.2,22.0,109.0,"[2, 24, 31, 26, 26]","[0, 0, 0, 1, 0]"
AppMAIS7R,2022-06-14,13,94.46,47.7,54.01,34036970,19.0,0.4,19.4,47.5,"[0, 21, 25, 23, 26]","[0, 0, 1, 0, 1]"
AppMAIS7R,2022-06-14,14,96.26,48.0,54.11,58707334,30.6,0.6,31.200000000000003,51.0,"[11, 33, 37, 38, 34]","[2, 0, 1, 0, 0]"
AppMAIS7R,2022-06-14,16,96.98,48.8,54.05,80394956,51.0,0.2,51.2,255.0,"[50, 51, 50, 54, 50]","[0, 0, 0, 0, 1]"
AppMAIS7R,2022-06-14,17,94.64,49.0,53.86,68367637,44.6,3.0,47.6,14.87,"[42, 41, 44, 46, 50]","[3, 2, 4, 3, 3]"
AppMAIS7R,2022-06-14,18,94.46,49.1,53.75,86755682,46.2,0.4,46.6,115.5,"[45, 47, 48, 49, 42]","[0, 0, 1, 0, 1]"
AppMAIS7R,2022-06-14,19,93.92,49.2,53.67,67103780,50.6,0.6,51.2,84.33,"[52, 49, 48, 53, 51]","[1, 2, 0, 0, 0]"
AppMAIS7R,2022-06-14,20,93.2,49.2,53.65,60147172,40.8,0.2,41.0,204.0,"[39, 38, 44, 41, 42]","[0, 0, 1, 0, 0]"
AppMAIS7R,2022-06-15,08,93.2,49.2,53.51,45746640,21.4,0.4,21.799999999999997,53.5,"[21, 23, 23, 20, 20]","[1, 0, 1, 0, 0]"
AppMAIS7R,2022-06-15,09,93.92,49.8,53.75,55359929,22.8,0.2,23.0,114.0,"[14, 23, 27, 27, 23]","[1, 0, 0, 0, 0]"
AppMAIS7R,2022-06-15,10,94.64,50.4,53.77,66472630,23.2,0.2,23.4,116.0,"[0, 6, 32, 41, 37]","[0, 0, 0, 1, 0]"
AppMAIS7R,2022-06-15,11,96.8,51.0,54.1,74559328,36.4,0.2,36.6,182.0,"[3, 42, 44, 44, 49]","[1, 0, 0, 0, 0]"
AppMAIS7R,2022-06-15,17,95.9,53.5,53.86,9790531,0.2,0.2,0.4,1.0,"[0, 0, 0, 0, 1]","[0, 1, 0, 0, 0]"
AppMAIS7R,2022-06-15,18,94.82,54.1,53.82,34067462,28.2,0.2,28.4,141.0,"[30, 32, 28, 29, 22]","[0, 1, 0, 0, 0]"
AppMAIS7R,2022-06-15,19,93.92,54.3,53.84,64984304,45.8,0.2,46.0,229.0,"[47, 45, 43, 48, 46]","[0, 0, 1, 0, 0]"
AppMAIS7R,2022-06-15,20,93.56,54.4,54.0,59441670,50.2,0.6,50.800000000000004,83.67,"[49, 49, 52, 52, 49]","[1, 0, 1, 0, 1]"
AppMAIS7R,2022-06-16,08,93.2,54.4,53.8,78844082,25.8,0.2,26.0,129.0,"[3, 29, 30, 35, 32]","[0, 0, 0, 0, 1]"
AppMAIS7R,2022-06-16,09,92.66,54.3,54.03,76097957,26.6,0.4,27.0,66.5,"[2, 27, 37, 35, 32]","[0, 1, 0, 0, 1]"
AppMAIS7R,2022-06-16,16,97.52,56.1,54.17,9942776,0.0,0.4,0.4,0.0,"[0, 0, 0, 0, 0]","[0, 0, 1, 0, 1]"
AppMAIS7R,2022-06-16,20,92.84,56.8,54.18,77096968,54.2,0.2,54.400000000000006,271.0,"[54, 54, 54, 55, 54]","[0, 0, 1, 0, 0]"
AppMAIS7R,2022-06-17,10,93.2,54.6,54.55,36230458,15.6,0.2,15.799999999999999,78.0,"[0, 3, 22, 26, 27]","[0, 0, 0, 0, 1]"
AppMAIS7R,2022-06-17,11,95.0,53.9,54.45,40746867,15.0,1.0,16.0,15.0,"[1, 9, 24, 19, 22]","[1, 1, 2, 1, 0]"
AppMAIS7R,2022-06-17,12,96.26,53.4,54.35,40007372,15.6,0.4,16.0,39.0,"[2, 13, 26, 19, 18]","[1, 0, 1, 0, 0]"
AppMAIS7R,2022-06-17,13,95.18,53.6,54.27,52360421,27.8,0.2,28.0,139.0,"[5, 26, 37, 39, 32]","[0, 0, 1, 0, 0]"
AppMAIS7R,2022-06-17,14,95.36,53.3,54.19,38926534,26.6,1.0,27.6,26.6,"[11, 25, 35, 32, 30]","[1, 2, 0, 1, 1]"
AppMAIS7R,2022-06-17,15,95.72,52.7,54.12,66482720,37.8,1.0,38.8,37.8,"[20, 44, 44, 39, 42]","[1, 0, 1, 2, 1]"
AppMAIS7R,2022-06-17,16,93.92,52.8,54.31,55339365,41.2,0.8,42.0,51.5,"[45, 43, 41, 35, 42]","[0, 2, 0, 1, 1]"
AppMAIS7R,2022-06-17,18,87.26,53.1,54.09,33160994,28.0,0.4,28.4,70.0,"[23, 30, 28, 29, 30]","[1, 0, 0, 1, 0]"
AppMAIS7R,2022-06-17,20,86.9,52.8,54.02,35439227,22.2,0.2,22.4,111.0,"[25, 22, 20, 21, 23]","[0, 0, 1, 0, 0]"
AppMAIS7R,2022-06-18,08,86.9,52.7,53.75,39946764,19.2,0.8,20.0,24.0,"[2, 21, 25, 26, 22]","[0, 1, 0, 1, 2]"
AppMAIS7R,2022-06-18,09,91.22,50.1,53.9,54907671,19.2,0.4,19.599999999999998,48.0,"[0, 12, 28, 30, 26]","[0, 0, 1, 0, 1]"
AppMAIS7R,2022-06-18,10,92.84,49.5,54.06,49874347,18.0,0.4,18.4,45.0,"[2, 3, 27, 29, 29]","[0, 1, 1, 0, 0]"
AppMAIS7R,2022-06-18,11,93.74,49.1,54.07,41053374,16.2,0.6,16.8,27.0,"[2, 6, 22, 24, 27]","[0, 1, 0, 1, 1]"
AppMAIS7R,2022-06-18,12,95.54,48.2,54.06,41645855,19.6,1.8,21.400000000000002,10.89,"[5, 11, 26, 29, 27]","[3, 2, 2, 1, 1]"
AppMAIS7R,2022-06-18,13,95.9,47.7,53.88,29626491,12.8,1.2,14.0,10.67,"[3, 11, 18, 16, 16]","[1, 1, 1, 2, 1]"
AppMAIS7R,2022-06-18,14,95.9,46.8,53.81,31843597,17.2,0.4,17.599999999999998,43.0,"[14, 13, 17, 20, 22]","[0, 0, 1, 1, 0]"
AppMAIS7R,2022-06-18,15,95.36,46.8,53.77,37458910,25.4,0.8,26.2,31.75,"[24, 24, 24, 28, 27]","[1, 1, 0, 1, 1]"
AppMAIS7R,2022-06-18,16,94.64,46.4,53.78,48040826,28.2,1.4,29.599999999999998,20.14,"[24, 27, 30, 31, 29]","[1, 2, 2, 1, 1]"
AppMAIS7R,2022-06-18,17,91.58,46.6,53.73,30564183,26.0,0.6,26.6,43.33,"[26, 29, 23, 27, 25]","[3, 0, 0, 0, 0]"
AppMAIS7R,2022-06-18,18,90.14,46.0,53.83,27280156,19.2,0.8,20.0,24.0,"[18, 21, 20, 18, 19]","[1, 3, 0, 0, 0]"
AppMAIS7R,2022-06-19,10,90.14,42.1,53.83,19234342,9.2,0.2,9.399999999999999,46.0,"[0, 0, 15, 15, 16]","[0, 0, 0, 0, 1]"
AppMAIS7R,2022-06-19,12,92.66,41.8,53.75,22670940,10.2,0.4,10.6,25.5,"[0, 7, 15, 15, 14]","[0, 1, 0, 1, 0]"
AppMAIS7R,2022-06-19,13,94.46,41.3,53.77,19325486,10.2,0.2,10.399999999999999,51.0,"[0, 11, 11, 14, 15]","[0, 0, 0, 0, 1]"
AppMAIS7R,2022-06-19,15,96.08,40.1,53.68,30768137,24.8,1.8,26.6,13.78,"[25, 21, 29, 24, 25]","[2, 1, 2, 2, 2]"
AppMAIS7R,2022-06-19,16,94.82,39.6,53.71,46839875,26.4,0.8,27.2,33.0,"[28, 26, 26, 23, 29]","[1, 0, 1, 1, 1]"
AppMAIS7R,2022-06-19,17,91.4,40.0,53.62,30919598,23.4,1.0,24.4,23.4,"[21, 23, 22, 24, 27]","[3, 0, 1, 1, 0]"
AppMAIS7R,2022-06-19,19,88.7,39.9,53.75,16533142,14.8,0.4,15.200000000000001,37.0,"[14, 14, 16, 16, 14]","[1, 1, 0, 0, 0]"
AppMAIS7R,2022-06-20,10,91.76,39.0,53.55,17243496,7.2,0.2,7.4,36.0,"[0, 1, 11, 11, 13]","[0, 0, 0, 0, 1]"
AppMAIS7R,2022-06-20,12,93.56,38.6,53.66,21822905,11.6,0.2,11.799999999999999,58.0,"[0, 10, 15, 16, 17]","[0, 1, 0, 0, 0]"
AppMAIS7R,2022-06-20,14,95.18,37.7,53.63,30164818,21.2,0.8,22.0,26.5,"[0, 22, 25, 29, 30]","[0, 1, 0, 0, 3]"
AppMAIS7R,2022-06-20,15,94.1,37.2,53.55,28208205,17.8,0.2,18.0,89.0,"[2, 23, 24, 20, 20]","[0, 0, 0, 1, 0]"
AppMAIS7R,2022-06-20,16,93.74,36.8,53.56,45445064,30.4,0.4,30.799999999999997,76.0,"[19, 31, 34, 34, 34]","[0, 2, 0, 0, 0]"
AppMAIS7R,2022-06-20,17,93.02,36.8,53.53,44123833,31.2,0.2,31.4,156.0,"[23, 30, 33, 35, 35]","[0, 1, 0, 0, 0]"
AppMAIS7R,2022-06-20,18,92.66,36.5,53.57,36651778,34.0,0.4,34.4,85.0,"[34, 36, 35, 33, 32]","[1, 0, 0, 1, 0]"
AppMAIS7R,2022-06-20,20,91.94,36.1,53.51,20100317,20.8,0.2,21.0,104.0,"[21, 21, 20, 22, 20]","[1, 0, 0, 0, 0]"
AppMAIS7R,2022-06-21,12,96.98,36.8,53.27,26810457,13.6,0.2,13.799999999999999,68.0,"[0, 8, 23, 18, 19]","[0, 1, 0, 0, 0]"
AppMAIS7R,2022-06-21,14,96.62,36.3,53.16,27230636,21.4,0.6,22.0,35.67,"[5, 15, 25, 31, 31]","[1, 2, 0, 0, 0]"
AppMAIS7R,2022-06-21,15,96.26,36.1,53.07,47085865,33.8,1.4,35.199999999999996,24.14,"[28, 34, 34, 39, 34]","[2, 1, 2, 1, 1]"
AppMAIS7R,2022-06-21,16,95.36,35.9,52.98,55775528,40.4,1.2,41.6,33.67,"[39, 43, 39, 40, 41]","[1, 1, 1, 2, 1]"
AppMAIS7R,2022-06-21,17,93.56,36.1,52.92,49857444,37.4,1.2,38.6,31.17,"[36, 36, 38, 38, 39]","[2, 1, 1, 1, 1]"
AppMAIS7R,2022-06-21,18,93.02,35.9,52.95,45885193,38.6,0.4,39.0,96.5,"[36, 38, 39, 39, 41]","[1, 0, 0, 0, 1]"
AppMAIS7R,2022-06-21,19,92.66,35.8,53.01,35079096,33.4,0.8,34.199999999999996,41.75,"[33, 34, 34, 33, 33]","[2, 2, 0, 0, 0]"
AppMAIS7R,2022-06-22,09,92.3,36.2,52.9,32039184,10.0,0.2,10.2,50.0,"[0, 5, 15, 15, 15]","[0, 0, 0, 0, 1]"
AppMAIS7R,2022-06-22,12,96.44,36.0,52.85,24850862,10.8,0.4,11.200000000000001,27.0,"[0, 10, 13, 16, 15]","[1, 0, 0, 0, 1]"
AppMAIS7R,2022-06-22,14,96.98,36.1,52.82,22995153,16.0,0.6,16.6,26.67,"[4, 20, 20, 19, 17]","[0, 0, 0, 2, 1]"
AppMAIS7R,2022-06-22,15,95.9,35.8,52.8,34743800,29.6,0.2,29.8,148.0,"[24, 31, 29, 32, 32]","[0, 0, 1, 0, 0]"
AppMAIS7R,2022-06-22,16,95.0,35.9,52.75,52119823,38.8,0.2,39.0,194.0,"[41, 39, 39, 36, 39]","[1, 0, 0, 0, 0]"
AppMAIS7R,2022-06-22,17,93.38,35.9,52.72,58482658,43.6,2.6,46.2,16.77,"[42, 41, 47, 46, 42]","[3, 2, 2, 3, 3]"
AppMAIS7R,2022-06-22,19,92.84,35.9,52.82,42005273,40.8,0.4,41.199999999999996,102.0,"[39, 41, 43, 42, 39]","[0, 1, 0, 1, 0]"
AppMAIS7R,2022-06-22,20,92.48,35.9,52.81,39423590,45.0,0.6,45.6,75.0,"[45, 45, 47, 44, 44]","[2, 1, 0, 0, 0]"
AppMAIS7R,2022-06-23,08,92.48,36.5,52.69,34861106,16.8,0.6,17.400000000000002,28.0,"[0, 19, 21, 20, 24]","[0, 0, 0, 3, 0]"
AppMAIS7R,2022-06-23,09,92.84,36.5,52.8,20369516,12.8,0.2,13.0,64.0,"[6, 15, 16, 15, 12]","[1, 0, 0, 0, 0]"
AppMAIS7R,2022-06-23,13,95.0,36.8,52.65,27767859,11.4,0.2,11.6,57.0,"[0, 14, 13, 15, 15]","[0, 0, 0, 1, 0]"
AppMAIS7R,2022-06-23,14,97.16,36.8,52.7,25742446,12.2,0.6,12.799999999999999,20.33,"[4, 11, 17, 16, 13]","[2, 0, 1, 0, 0]"
AppMAIS7R,2022-06-23,15,96.08,36.6,52.7,40225040,26.4,0.6,27.0,44.0,"[11, 33, 32, 29, 27]","[1, 0, 1, 0, 1]"
AppMAIS7R,2022-06-23,16,95.0,36.4,52.68,56470641,38.4,2.2,40.6,17.45,"[40, 39, 36, 38, 39]","[1, 2, 4, 2, 2]"
AppMAIS7R,2022-06-23,17,93.74,37.0,52.57,55423516,38.0,1.4,39.4,27.14,"[38, 38, 38, 37, 39]","[3, 2, 1, 1, 0]"
AppMAIS7R,2022-06-23,18,92.84,37.0,52.68,41172695,40.8,0.6,41.4,68.0,"[37, 40, 41, 42, 44]","[1, 1, 0, 0, 1]"
AppMAIS7R,2022-06-23,19,92.48,36.9,52.74,41879700,36.4,0.2,36.6,182.0,"[41, 37, 35, 34, 35]","[1, 0, 0, 0, 0]"
AppMAIS7R,2022-06-23,20,91.94,37.0,52.74,35488899,27.0,1.4,28.4,19.29,"[22, 28, 29, 28, 28]","[4, 1, 1, 1, 0]"
AppMAIS7R,2022-06-24,09,92.3,38.6,52.54,15241080,4.2,0.6,4.8,7.0,"[0, 2, 6, 7, 6]","[0, 0, 1, 0, 2]"
AppMAIS7R,2022-06-24,16,95.36,39.4,52.71,24506876,16.4,1.0,17.4,16.4,"[11, 20, 18, 16, 17]","[2, 1, 1, 0, 1]"
AppMAIS7R,2022-06-25,10,94.46,41.3,52.75,34761449,12.8,0.4,13.200000000000001,32.0,"[0, 3, 20, 18, 23]","[0, 0, 1, 1, 0]"
AppMAIS7R,2022-06-25,11,95.0,41.3,52.77,28882266,13.2,0.2,13.399999999999999,66.0,"[0, 9, 18, 20, 19]","[0, 0, 1, 0, 0]"
AppMAIS7R,2022-06-25,13,95.18,42.2,52.79,20999595,12.6,0.4,13.0,31.5,"[5, 15, 14, 14, 15]","[0, 1, 0, 1, 0]"
AppMAIS7R,2022-06-25,15,94.1,42.6,52.94,22272956,13.2,0.8,14.0,16.5,"[4, 15, 16, 14, 17]","[1, 1, 1, 1, 0]"
AppMAIS7R,2022-06-25,16,93.74,42.7,52.7,37425227,28.6,0.2,28.8,143.0,"[8, 35, 34, 35, 31]","[0, 0, 0, 0, 1]"
AppMAIS7R,2022-06-25,18,94.1,42.9,52.79,55810264,37.2,1.0,38.2,37.2,"[33, 40, 39, 38, 36]","[1, 1, 1, 1, 1]"
AppMAIS7R,2022-06-25,19,93.92,43.0,52.75,51574470,42.2,0.2,42.400000000000006,211.0,"[44, 42, 42, 41, 42]","[0, 1, 0, 0, 0]"
AppMAIS7R,2022-06-25,20,93.92,43.2,52.65,58474901,53.4,0.2,53.6,267.0,"[54, 54, 53, 54, 52]","[0, 0, 0, 0, 1]"
AppMAIS7R,2022-06-26,08,93.92,43.9,52.35,31781121,30.2,0.2,30.4,151.0,"[31, 30, 32, 30, 28]","[0, 1, 0, 0, 0]"
AppMAIS7R,2022-06-26,09,94.1,44.0,52.43,39730489,28.0,0.4,28.4,70.0,"[21, 32, 29, 29, 29]","[1, 0, 1, 0, 0]"
AppMAIS7R,2022-06-26,12,94.82,44.4,53.0,17688109,12.8,0.2,13.0,64.0,"[11, 13, 12, 14, 14]","[0, 1, 0, 0, 0]"
AppMAIS7R,2022-06-26,14,94.64,44.8,53.06,52322121,36.6,0.6,37.2,61.0,"[21, 41, 37, 41, 43]","[0, 1, 1, 0, 1]"
AppMAIS7R,2022-06-26,15,94.46,44.9,53.02,54613689,41.4,1.0,42.4,41.4,"[40, 40, 37, 45, 45]","[1, 1, 1, 1, 1]"
AppMAIS7R,2022-06-26,16,94.82,45.0,52.95,63862902,39.8,1.0,40.8,39.8,"[25, 46, 44, 44, 40]","[2, 1, 2, 0, 0]"
AppMAIS7R,2022-06-26,17,94.82,45.3,52.77,72167671,32.6,1.8,34.4,18.11,"[26, 39, 37, 30, 31]","[2, 0, 2, 2, 3]"
AppMAIS7R,2022-06-26,18,95.0,45.4,52.82,50294193,30.4,0.2,30.599999999999998,152.0,"[34, 31, 32, 27, 28]","[0, 0, 1, 0, 0]"
AppMAIS7R,2022-06-26,19,94.28,45.7,52.84,38607712,33.6,0.2,33.800000000000004,168.0,"[35, 34, 34, 32, 33]","[0, 0, 1, 0, 0]"
AppMAIS7R,2022-06-26,20,93.74,45.7,52.85,31267197,28.8,0.2,29.0,144.0,"[25, 27, 30, 33, 29]","[0, 1, 0, 0, 0]"
AppMAIS7R,2022-06-27,09,94.28,45.6,52.44,45993338,41.4,0.2,41.6,207.0,"[38, 44, 41, 41, 43]","[0, 0, 0, 1, 0]"
AppMAIS7R,2022-06-27,10,94.46,45.6,52.57,56786527,31.8,0.2,32.0,159.0,"[2, 36, 39, 42, 40]","[0, 0, 1, 0, 0]"
AppMAIS7R,2022-06-27,12,95.36,46.1,52.88,53058245,27.4,0.2,27.599999999999998,137.0,"[0, 15, 42, 42, 38]","[0, 0, 0, 1, 0]"
AppMAIS7R,2022-06-27,15,95.36,46.8,52.77,56913618,38.2,2.4,40.6,15.92,"[35, 37, 38, 40, 41]","[3, 3, 2, 2, 2]"
AppMAIS7R,2022-06-27,16,95.9,47.0,52.76,60405177,30.4,3.4,33.8,8.94,"[22, 31, 34, 33, 32]","[2, 6, 5, 2, 2]"
AppMAIS7R,2022-06-27,17,94.82,47.0,52.6,53356048,33.0,1.6,34.6,20.62,"[31, 32, 31, 37, 34]","[4, 2, 0, 1, 1]"
AppMAIS7R,2022-06-27,18,94.1,47.0,52.72,49475973,39.6,1.6,41.2,24.75,"[40, 42, 41, 38, 37]","[1, 2, 2, 2, 1]"
AppMAIS7R,2022-06-27,19,93.74,46.9,52.67,43447281,39.2,0.4,39.6,98.0,"[41, 41, 40, 39, 35]","[1, 1, 0, 0, 0]"
AppMAIS7R,2022-06-27,20,93.74,46.9,52.76,43927403,43.4,0.2,43.6,217.0,"[42, 42, 44, 42, 47]","[0, 1, 0, 0, 0]"
AppMAIS7R,2022-06-28,08,91.58,44.2,52.05,16981729,8.0,0.2,8.2,40.0,"[2, 9, 10, 9, 10]","[0, 0, 0, 0, 1]"
AppMAIS7R,2022-06-28,09,91.94,44.0,52.68,24184813,13.2,0.8,14.0,16.5,"[0, 13, 18, 18, 17]","[0, 0, 1, 1, 2]"
AppMAIS7R,2022-06-28,12,95.36,44.1,53.07,46790914,17.4,0.8,18.2,21.75,"[1, 6, 27, 25, 28]","[0, 1, 1, 1, 1]"
AppMAIS7R,2022-06-28,13,98.24,44.2,51.77,27200451,9.6,0.2,9.799999999999999,48.0,"[1, 9, 12, 14, 12]","[0, 0, 0, 1, 0]"
AppMAIS7R,2022-06-28,14,95.72,44.3,51.44,31316166,24.4,0.2,24.599999999999998,122.0,"[4, 24, 34, 30, 30]","[0, 1, 0, 0, 0]"
AppMAIS7R,2022-06-28,15,95.0,44.4,51.37,31701447,27.2,0.6,27.8,45.33,"[13, 30, 32, 33, 28]","[1, 0, 1, 0, 1]"
AppMAIS7R,2022-06-28,16,94.46,44.1,51.3,57792351,29.8,2.8,32.6,10.64,"[15, 32, 33, 38, 31]","[2, 4, 4, 2, 2]"
AppMAIS7R,2022-06-28,17,93.74,44.1,51.31,44730512,33.0,0.2,33.2,165.0,"[33, 34, 32, 32, 34]","[1, 0, 0, 0, 0]"
AppMAIS7R,2022-06-28,19,93.02,43.9,51.37,27730832,27.0,0.4,27.4,67.5,"[27, 26, 28, 28, 26]","[1, 1, 0, 0, 0]"
AppMAIS7R,2022-06-28,20,92.48,43.6,51.38,33778632,36.6,0.2,36.800000000000004,183.0,"[35, 37, 37, 40, 34]","[0, 1, 0, 0, 0]"
AppMAIS7R,2022-06-29,08,91.4,42.9,50.77,28021930,15.4,0.2,15.6,77.0,"[3, 19, 21, 17, 17]","[1, 0, 0, 0, 0]"
AppMAIS7R,2022-06-29,10,92.84,43.2,51.11,33191888,25.4,1.4,26.799999999999997,18.14,"[19, 26, 29, 25, 28]","[2, 1, 1, 2, 1]"
AppMAIS7R,2022-06-29,11,93.74,43.3,51.15,42383732,31.8,0.2,32.0,159.0,"[18, 37, 34, 33, 37]","[0, 1, 0, 0, 0]"
AppMAIS7R,2022-06-29,12,94.28,43.6,51.25,28624866,13.0,0.4,13.4,32.5,"[0, 7, 17, 20, 21]","[0, 0, 2, 0, 0]"
AppMAIS7R,2022-06-29,14,94.64,44.1,51.19,36627932,21.0,0.4,21.4,52.5,"[1, 17, 27, 31, 29]","[0, 1, 1, 0, 0]"
AppMAIS7R,2022-06-29,16,94.82,44.3,51.32,44262233,26.6,2.6,29.200000000000003,10.23,"[26, 23, 30, 28, 26]","[2, 4, 2, 2, 3]"
AppMAIS7R,2022-06-29,17,94.1,44.6,51.08,50498174,31.2,2.6,33.8,12.0,"[25, 31, 36, 30, 34]","[4, 3, 1, 2, 3]"
AppMAIS7R,2022-06-29,18,93.92,44.7,51.2,34456066,27.2,0.4,27.599999999999998,68.0,"[30, 26, 29, 26, 25]","[1, 1, 0, 0, 0]"
AppMAIS7R,2022-06-30,08,90.5,44.5,50.94,24801255,22.4,0.4,22.799999999999997,56.0,"[22, 22, 22, 23, 23]","[0, 1, 1, 0, 0]"
AppMAIS7R,2022-06-30,09,90.68,44.6,51.02,44933980,22.4,0.6,23.0,37.33,"[0, 25, 31, 28, 28]","[0, 0, 1, 1, 1]"
AppMAIS7R,2022-06-30,10,92.3,44.9,51.22,49280607,19.8,0.4,20.2,49.5,"[0, 17, 27, 28, 27]","[0, 1, 1, 0, 0]"
AppMAIS7R,2022-06-30,11,94.64,45.0,51.26,33191816,15.6,0.4,16.0,39.0,"[0, 14, 22, 21, 21]","[0, 0, 1, 0, 1]"
AppMAIS7R,2022-06-30,12,95.18,45.2,51.31,34086777,19.0,0.2,19.2,95.0,"[0, 12, 27, 28, 28]","[0, 0, 1, 0, 0]"
AppMAIS7R,2022-06-30,14,94.64,45.7,51.38,39918945,20.0,0.8,20.8,25.0,"[4, 23, 24, 22, 27]","[1, 1, 0, 1, 1]"
AppMAIS7R,2022-06-30,15,94.64,46.0,51.42,48580592,28.4,1.8,30.2,15.78,"[12, 32, 32, 30, 36]","[1, 0, 2, 4, 2]"
AppMAIS7R,2022-06-30,16,94.82,46.1,51.31,51823060,31.8,1.6,33.4,19.88,"[21, 34, 37, 32, 35]","[0, 1, 2, 3, 2]"
AppMAIS7R,2022-06-30,17,94.64,46.1,51.28,43880383,25.0,1.4,26.4,17.86,"[21, 26, 25, 26, 27]","[1, 1, 1, 2, 2]"
AppMAIS7R,2022-06-30,20,93.2,46.3,51.44,42040366,34.8,0.2,35.0,174.0,"[36, 33, 35, 37, 33]","[1, 0, 0, 0, 0]"
AppMAIS7R,2022-07-01,08,91.22,45.7,50.98,49062032,27.0,0.2,27.2,135.0,"[8, 31, 33, 33, 30]","[0, 0, 0, 0, 1]"
AppMAIS7R,2022-07-01,09,92.84,46.5,50.4,49834625,12.2,0.2,12.399999999999999,61.0,"[0, 5, 21, 17, 18]","[0, 0, 0, 0, 1]"
AppMAIS7R,2022-07-01,10,94.64,45.9,50.39,26451490,7.2,0.2,7.4,36.0,"[0, 1, 10, 12, 13]","[0, 0, 0, 0, 1]"
AppMAIS7R,2022-07-01,11,94.28,46.0,50.35,29061267,11.6,0.2,11.799999999999999,58.0,"[0, 16, 12, 17, 13]","[0, 1, 0, 0, 0]"
AppMAIS7R,2022-07-01,12,94.46,46.1,50.49,28432230,19.0,0.4,19.4,47.5,"[16, 21, 19, 21, 18]","[1, 0, 0, 0, 1]"
AppMAIS7R,2022-07-01,13,94.28,46.1,50.5,27598291,15.8,0.4,16.2,39.5,"[11, 16, 17, 16, 19]","[0, 0, 1, 0, 1]"
AppMAIS7R,2022-07-01,14,93.92,46.2,50.47,26127252,11.2,1.0,12.2,11.2,"[0, 9, 17, 14, 16]","[0, 0, 2, 2, 1]"
AppMAIS7R,2022-07-01,15,94.46,46.3,50.64,37053023,21.4,2.6,24.0,8.23,"[21, 24, 19, 21, 22]","[1, 3, 3, 3, 3]"
AppMAIS7R,2022-07-01,16,94.46,46.4,50.58,38137178,18.0,1.0,19.0,18.0,"[15, 23, 18, 16, 18]","[0, 2, 1, 1, 1]"
AppMAIS7R,2022-07-02,08,89.24,47.1,50.34,23523966,7.2,0.4,7.6000000000000005,18.0,"[1, 8, 9, 9, 9]","[0, 1, 1, 0, 0]"
AppMAIS7R,2022-07-02,11,92.66,47.6,50.52,16483413,9.4,0.2,9.6,47.0,"[4, 12, 11, 10, 10]","[0, 1, 0, 0, 0]"
AppMAIS7R,2022-07-02,14,96.44,48.6,49.97,25303616,23.8,0.4,24.2,59.5,"[10, 28, 28, 26, 27]","[0, 0, 0, 1, 1]"
AppMAIS7R,2022-07-02,15,95.36,48.5,49.97,34652590,23.2,1.2,24.4,19.33,"[19, 25, 24, 25, 23]","[1, 2, 1, 1, 1]"
AppMAIS7R,2022-07-02,16,94.46,48.4,49.88,34470327,18.4,3.8,22.2,4.84,"[17, 18, 21, 20, 16]","[4, 4, 3, 4, 4]"
AppMAIS7R,2022-07-02,17,93.74,48.3,49.92,30883196,16.6,0.4,17.0,41.5,"[17, 18, 15, 18, 15]","[0, 0, 0, 1, 1]"
AppMAIS7R,2022-07-02,18,93.02,48.2,49.94,22869977,15.6,0.8,16.4,19.5,"[15, 15, 15, 18, 15]","[1, 1, 1, 1, 0]"
AppMAIS7R,2022-07-03,15,93.74,51.2,50.59,15466476,10.0,0.8,10.8,12.5,"[5, 11, 14, 10, 10]","[1, 1, 1, 1, 0]"
AppMAIS7R,2022-07-03,16,92.12,51.1,50.45,19738301,12.4,0.2,12.6,62.0,"[10, 14, 14, 11, 13]","[0, 0, 0, 1, 0]"
AppMAIS7R,2022-07-03,18,90.14,51.7,50.76,8905108,8.2,0.2,8.399999999999999,41.0,"[9, 10, 8, 7, 7]","[0, 1, 0, 0, 0]"
AppMAIS7R,2022-07-04,10,90.68,53.3,50.82,13573564,7.0,0.2,7.2,35.0,"[1, 9, 8, 8, 9]","[0, 0, 0, 0, 1]"
AppMAIS7R,2022-07-04,11,91.04,53.9,50.7,28572549,12.8,0.2,13.0,64.0,"[2, 10, 19, 17, 16]","[0, 0, 0, 0, 1]"
AppMAIS7R,2022-07-04,12,93.2,54.1,50.67,17429837,8.2,0.2,8.399999999999999,41.0,"[0, 8, 10, 11, 12]","[0, 0, 0, 0, 1]"
AppMAIS7R,2022-07-04,14,93.92,54.5,50.7,17828514,6.8,0.6,7.3999999999999995,11.33,"[1, 9, 9, 8, 7]","[0, 0, 1, 1, 1]"
AppMAIS7R,2022-07-04,15,94.46,54.5,50.77,27066898,16.0,2.4,18.4,6.67,"[15, 17, 17, 16, 15]","[2, 3, 3, 2, 2]"
AppMAIS7R,2022-07-04,16,94.46,54.5,50.66,27717810,16.0,3.2,19.2,5.0,"[16, 17, 16, 16, 15]","[3, 3, 3, 3, 4]"
AppMAIS7R,2022-07-04,17,93.74,54.3,50.65,21013170,13.4,2.2,15.600000000000001,6.09,"[12, 14, 14, 13, 14]","[2, 2, 2, 3, 2]"
AppMAIS7R,2022-07-05,08,89.96,53.7,49.7,22981791,11.0,0.2,11.2,55.0,"[0, 14, 14, 13, 14]","[0, 0, 0, 1, 0]"
AppMAIS7R,2022-07-05,11,94.82,54.6,49.94,21924705,13.2,0.6,13.799999999999999,22.0,"[10, 15, 13, 15, 13]","[0, 0, 2, 0, 1]"
AppMAIS7R,2022-07-05,12,95.72,55.0,49.92,12535370,4.8,0.4,5.2,12.0,"[0, 0, 7, 8, 9]","[0, 1, 0, 0, 1]"
AppMAIS7R,2022-07-05,14,95.9,55.1,49.85,29092308,23.4,0.8,24.2,29.25,"[21, 27, 25, 23, 21]","[2, 0, 1, 1, 0]"
AppMAIS7R,2022-07-05,15,95.54,55.1,49.67,34891577,20.2,2.4,22.599999999999998,8.42,"[20, 20, 19, 21, 21]","[2, 3, 2, 2, 3]"
AppMAIS7R,2022-07-05,16,95.18,55.1,49.57,38688158,19.4,1.8,21.2,10.78,"[18, 20, 21, 18, 20]","[1, 2, 2, 2, 2]"
AppMAIS7R,2022-07-05,17,94.1,55.0,49.57,24533317,12.4,0.8,13.200000000000001,15.5,"[12, 14, 12, 12, 12]","[1, 1, 1, 0, 1]"
AppMAIS7R,2022-07-05,18,92.84,55.1,49.32,14242512,12.2,0.8,13.0,15.25,"[13, 12, 13, 12, 11]","[0, 1, 1, 1, 1]"
AppMAIS7R,2022-07-05,20,92.3,54.6,49.22,11332315,7.8,0.2,8.0,39.0,"[8, 7, 8, 8, 8]","[0, 1, 0, 0, 0]"
AppMAIS7R,2022-07-06,11,93.02,56.8,49.69,8097174,2.8,0.2,3.0,14.0,"[0, 2, 4, 4, 4]","[0, 0, 0, 1, 0]"
AppMAIS7R,2022-07-06,14,97.16,56.9,49.66,13859431,7.8,0.2,8.0,39.0,"[0, 8, 10, 10, 11]","[0, 0, 0, 1, 0]"
AppMAIS7R,2022-07-06,15,95.9,57.4,49.7,19340867,11.0,0.6,11.6,18.33,"[6, 10, 12, 12, 15]","[1, 1, 1, 0, 0]"
AppMAIS7R,2022-07-06,16,95.36,57.6,49.6,28684339,17.2,1.0,18.2,17.2,"[14, 17, 20, 18, 17]","[3, 0, 1, 1, 0]"
AppMAIS7R,2022-07-06,17,94.28,57.3,49.56,30836039,13.8,1.0,14.8,13.8,"[11, 15, 15, 14, 14]","[0, 1, 1, 2, 1]"
AppMAIS7R,2022-07-06,18,93.2,57.2,49.54,18813056,10.8,0.2,11.0,54.0,"[11, 10, 10, 12, 11]","[0, 0, 0, 0, 1]"
AppMAIS7R,2022-07-06,20,92.48,56.9,49.38,12253339,6.2,0.2,6.4,31.0,"[6, 6, 6, 6, 7]","[1, 0, 0, 0, 0]"
AppMAIS7R,2022-07-07,10,90.5,57.5,49.55,17713547,10.6,0.2,10.799999999999999,53.0,"[2, 13, 12, 13, 13]","[0, 0, 0, 1, 0]"
AppMAIS7R,2022-07-07,13,91.94,58.0,49.7,17884197,8.4,0.2,8.6,42.0,"[2, 11, 10, 9, 10]","[0, 0, 1, 0, 0]"
AppMAIS7R,2022-07-07,15,92.3,58.3,49.78,29270352,12.8,3.2,16.0,4.0,"[8, 13, 14, 14, 15]","[1, 5, 4, 3, 3]"
AppMAIS7R,2022-07-07,16,93.02,58.4,49.82,26002323,16.0,0.2,16.2,80.0,"[11, 17, 18, 17, 17]","[1, 0, 0, 0, 0]"
AppMAIS7R,2022-07-07,17,92.84,58.4,49.79,21368722,10.8,0.8,11.600000000000001,13.5,"[11, 12, 10, 11, 10]","[1, 2, 0, 0, 1]"
AppMAIS7R,2022-07-07,19,90.5,58.2,49.88,12341159,6.8,0.4,7.2,17.0,"[7, 7, 6, 7, 7]","[2, 0, 0, 0, 0]"
AppMAIS7R,2022-07-08,15,94.46,58.0,48.61,17689572,8.8,0.8,9.600000000000001,11.0,"[7, 10, 9, 9, 9]","[0, 1, 1, 1, 1]"
AppMAIS7R,2022-07-08,16,93.56,57.9,48.57,26092687,11.2,2.4,13.6,4.67,"[7, 13, 10, 13, 13]","[1, 1, 3, 3, 4]"
AppMAIS7R,2022-07-08,17,93.2,57.7,48.54,22966646,8.0,0.6,8.6,13.33,"[6, 5, 8, 11, 10]","[1, 2, 0, 0, 0]"
AppMAIS7R,2022-07-08,18,91.94,57.6,48.64,14990960,5.6,0.4,6.0,14.0,"[4, 6, 5, 6, 7]","[0, 0, 1, 1, 0]"
AppMAIS7R,2022-07-09,08,85.28,55.2,48.72,19420662,6.2,0.4,6.6000000000000005,15.5,"[0, 7, 7, 8, 9]","[0, 0, 1, 1, 0]"
AppMAIS7R,2022-07-09,14,86.54,56.9,49.08,15828274,13.0,2.0,15.0,6.5,"[12, 12, 14, 13, 14]","[2, 4, 1, 2, 1]"
AppMAIS7R,2022-07-09,17,89.96,57.3,49.33,20178808,10.6,0.2,10.799999999999999,53.0,"[9, 10, 11, 12, 11]","[1, 0, 0, 0, 0]"
AppMAIS7R,2022-07-09,18,89.42,57.3,49.43,15395588,5.0,0.2,5.2,25.0,"[5, 6, 7, 4, 3]","[0, 0, 0, 1, 0]"
AppMAIS7R,2022-07-10,09,81.68,56.1,52.26,6633923,3.4,0.2,3.6,17.0,"[4, 4, 3, 3, 3]","[1, 0, 0, 0, 0]"
AppMAIS7R,2022-07-10,17,88.16,58.2,52.23,8954259,4.0,0.2,4.2,20.0,"[3, 3, 3, 5, 6]","[0, 1, 0, 0, 0]"
AppMAIS7R,2022-07-10,19,89.24,58.0,52.19,4381290,1.0,0.4,1.4,2.5,"[0, 0, 1, 2, 2]","[2, 0, 0, 0, 0]"
AppMAIS7R,2022-07-11,10,87.26,58.5,52.33,5548389,0.8,0.2,1.0,4.0,"[0, 0, 2, 1, 1]","[0, 1, 0, 0, 0]"
AppMAIS7R,2022-07-11,11,87.08,58.8,52.39,11344662,6.2,0.4,6.6000000000000005,15.5,"[8, 6, 5, 6, 6]","[1, 1, 0, 0, 0]"
AppMAIS7R,2022-07-11,12,87.8,58.8,52.32,12649031,3.2,0.2,3.4000000000000004,16.0,"[0, 3, 4, 5, 4]","[0, 0, 1, 0, 0]"
AppMAIS7R,2022-07-11,13,89.24,59.0,52.21,14694276,9.6,0.6,10.2,16.0,"[0, 9, 13, 12, 14]","[0, 0, 0, 2, 1]"
AppMAIS7R,2022-07-11,14,90.14,59.3,52.16,18933331,7.8,0.4,8.2,19.5,"[1, 6, 10, 11, 11]","[0, 0, 1, 1, 0]"
AppMAIS7R,2022-07-11,15,91.4,59.4,52.32,19075026,13.0,2.2,15.2,5.91,"[9, 11, 15, 15, 15]","[2, 4, 1, 2, 2]"
AppMAIS7R,2022-07-11,16,91.4,59.8,52.38,22376531,14.4,1.0,15.4,14.4,"[8, 19, 16, 15, 14]","[0, 1, 1, 1, 2]"
AppMAIS7R,2022-07-11,17,90.32,59.7,52.38,11368082,3.6,0.2,3.8000000000000003,18.0,"[1, 6, 3, 3, 5]","[0, 0, 1, 0, 0]"
AppMAIS7R,2022-07-11,18,89.42,60.1,52.31,13482225,7.2,0.2,7.4,36.0,"[7, 7, 8, 8, 6]","[1, 0, 0, 0, 0]"
AppMAIS7R,2022-07-12,12,90.32,60.1,52.19,14681703,4.4,0.4,4.800000000000001,11.0,"[0, 0, 9, 6, 7]","[0, 2, 0, 0, 0]"
AppMAIS7R,2022-07-12,14,92.48,60.4,52.15,20126885,8.8,1.0,9.8,8.8,"[9, 9, 9, 8, 9]","[1, 0, 1, 1, 2]"
AppMAIS7R,2022-07-12,15,93.56,60.4,52.14,27286263,17.2,2.8,20.0,6.14,"[7, 18, 21, 20, 20]","[0, 3, 3, 4, 4]"
AppMAIS7R,2022-07-12,16,93.2,60.6,51.79,24492901,11.4,0.2,11.6,57.0,"[13, 11, 9, 12, 12]","[0, 0, 0, 0, 1]"
AppMAIS7R,2022-07-12,17,92.12,60.4,51.48,20114400,11.0,1.6,12.6,6.88,"[7, 12, 13, 12, 11]","[3, 1, 1, 1, 2]"
AppMAIS7R,2022-07-12,18,90.14,60.3,51.37,10713114,5.0,0.2,5.2,25.0,"[5, 5, 5, 6, 4]","[0, 0, 0, 0, 1]"
AppMAIS7R,2022-07-13,11,84.74,58.6,51.61,13845121,3.8,0.2,4.0,19.0,"[1, 4, 6, 4, 4]","[0, 1, 0, 0, 0]"
AppMAIS7R,2022-07-13,15,86.54,59.5,51.27,10467945,8.0,0.8,8.8,10.0,"[0, 10, 11, 10, 9]","[0, 1, 1, 1, 1]"
AppMAIS7R,2022-07-13,16,87.8,59.2,51.42,17171083,5.6,1.0,6.6,5.6,"[6, 5, 6, 6, 5]","[1, 1, 1, 1, 1]"
AppMAIS7R,2022-07-13,17,88.52,59.5,51.53,20004766,5.0,1.2,6.2,4.17,"[4, 5, 5, 5, 6]","[0, 1, 2, 2, 1]"
AppMAIS7R,2022-07-13,18,88.34,59.6,51.7,21547297,14.2,0.2,14.399999999999999,71.0,"[13, 17, 13, 13, 15]","[0, 1, 0, 0, 0]"
AppMAIS7R,2022-07-13,19,87.26,59.3,51.81,17786897,12.8,0.4,13.200000000000001,32.0,"[12, 14, 14, 13, 11]","[1, 1, 0, 0, 0]"
AppMAIS7R,2022-07-13,20,85.64,59.6,51.67,15178328,10.4,0.4,10.8,26.0,"[11, 11, 11, 10, 9]","[1, 1, 0, 0, 0]"
AppMAIS7R,2022-07-14,09,80.96,58.0,51.67,16029554,7.4,0.2,7.6000000000000005,37.0,"[0, 1, 12, 12, 12]","[0, 0, 0, 1, 0]"
AppMAIS7R,2022-07-14,11,86.36,58.1,51.88,16887487,8.2,0.4,8.6,20.5,"[8, 8, 9, 8, 8]","[0, 2, 0, 0, 0]"
AppMAIS7R,2022-07-14,15,90.14,58.6,51.85,15850169,4.8,1.6,6.4,3.0,"[3, 5, 6, 5, 5]","[0, 2, 2, 1, 3]"
AppMAIS7R,2022-07-14,16,91.04,58.9,51.72,31561560,10.4,4.4,14.8,2.36,"[6, 13, 8, 12, 13]","[1, 4, 6, 5, 6]"
AppMAIS7R,2022-07-14,17,91.04,58.9,51.55,22867888,11.0,3.0,14.0,3.67,"[8, 11, 13, 10, 13]","[2, 3, 2, 4, 4]"
AppMAIS7R,2022-07-14,18,89.96,58.9,51.26,26762403,23.4,0.8,24.2,29.25,"[22, 24, 26, 24, 21]","[1, 1, 0, 1, 1]"
AppMAIS7R,2022-07-15,14,89.96,56.9,51.73,13732576,8.6,0.2,8.799999999999999,43.0,"[8, 9, 8, 9, 9]","[1, 0, 0, 0, 0]"
AppMAIS7R,2022-07-15,15,89.78,56.9,51.48,19973021,15.4,2.0,17.4,7.7,"[14, 15, 15, 16, 17]","[2, 3, 3, 1, 1]"
AppMAIS7R,2022-07-15,16,89.78,57.0,51.47,25175995,14.6,3.2,17.8,4.56,"[16, 13, 15, 16, 13]","[0, 4, 5, 4, 3]"
AppMAIS7R,2022-07-15,17,90.14,57.3,51.42,28336937,17.2,2.4,19.599999999999998,7.17,"[16, 18, 16, 16, 20]","[4, 3, 1, 3, 1]"
AppMAIS7R,2022-07-15,18,88.88,57.5,51.39,19316006,10.0,0.6,10.6,16.67,"[9, 10, 11, 10, 10]","[2, 1, 0, 0, 0]"
AppMAIS7R,2022-07-16,12,86.72,56.4,51.67,15564235,8.6,0.2,8.799999999999999,43.0,"[0, 10, 12, 11, 10]","[0, 1, 0, 0, 0]"
AppMAIS7R,2022-07-16,13,87.62,56.3,51.73,10778040,4.6,0.2,4.8,23.0,"[0, 3, 6, 7, 7]","[0, 0, 0, 1, 0]"
AppMAIS7R,2022-07-16,14,88.7,56.6,51.74,13628677,4.2,0.2,4.4,21.0,"[0, 4, 6, 5, 6]","[0, 1, 0, 0, 0]"
AppMAIS7R,2022-07-16,16,91.4,56.9,51.55,16683673,9.2,1.4,10.6,6.57,"[8, 10, 10, 9, 9]","[2, 3, 1, 0, 1]"
AppMAIS7R,2022-07-16,17,90.68,57.0,51.27,22151579,13.2,3.4,16.599999999999998,3.88,"[10, 18, 12, 15, 11]","[2, 3, 5, 4, 3]"
AppMAIS7R,2022-07-16,18,90.32,57.0,51.19,14682583,11.6,0.2,11.799999999999999,58.0,"[11, 12, 14, 11, 10]","[1, 0, 0, 0, 0]"
AppMAIS7R,2022-07-17,13,90.68,56.9,51.47,8123863,4.2,0.2,4.4,21.0,"[5, 5, 5, 3, 3]","[1, 0, 0, 0, 0]"
AppMAIS7R,2022-07-17,14,89.06,57.1,51.18,13363545,8.0,0.2,8.2,40.0,"[2, 9, 11, 9, 9]","[0, 1, 0, 0, 0]"
AppMAIS7R,2022-07-17,15,89.24,57.2,51.24,11899940,6.6,1.0,7.6,6.6,"[1, 9, 8, 8, 7]","[0, 1, 1, 1, 2]"
AppMAIS7R,2022-07-17,16,89.24,57.2,51.15,25839370,13.2,2.4,15.6,5.5,"[10, 14, 14, 13, 15]","[1, 4, 3, 3, 1]"
AppMAIS7R,2022-07-17,17,89.6,57.5,51.01,16400957,6.4,0.8,7.2,8.0,"[7, 7, 7, 5, 6]","[0, 1, 1, 1, 1]"
AppMAIS7R,2022-07-17,19,87.8,57.8,51.08,8220496,6.8,0.2,7.0,34.0,"[6, 6, 6, 8, 8]","[1, 0, 0, 0, 0]"
AppMAIS7R,2022-07-18,13,88.34,57.5,51.34,9167328,2.4,0.2,2.6,12.0,"[0, 2, 3, 3, 4]","[0, 1, 0, 0, 0]"
AppMAIS7R,2022-07-18,15,89.6,57.9,51.24,21701932,11.0,0.6,11.6,18.33,"[5, 11, 16, 12, 11]","[0, 1, 0, 1, 1]"
AppMAIS7R,2022-07-18,16,90.32,57.8,51.16,21858687,9.6,1.0,10.6,9.6,"[6, 11, 10, 11, 10]","[1, 1, 1, 1, 1]"
AppMAIS7R,2022-07-18,17,89.42,58.0,50.88,13367828,10.2,1.0,11.2,10.2,"[10, 10, 11, 10, 10]","[1, 1, 1, 1, 1]"
AppMAIS7R,2022-07-18,18,88.16,58.2,50.93,13950396,12.0,0.2,12.2,60.0,"[12, 12, 12, 12, 12]","[1, 0, 0, 0, 0]"
AppMAIS7R,2022-07-19,15,90.5,58.8,51.42,13640713,4.6,1.8,6.3999999999999995,2.56,"[4, 7, 4, 4, 4]","[3, 1, 3, 1, 1]"
AppMAIS7R,2022-07-19,16,90.68,58.9,51.18,21428971,8.6,5.6,14.2,1.54,"[9, 8, 10, 8, 8]","[4, 8, 6, 6, 4]"
AppMAIS7R,2022-07-19,17,90.5,59.2,50.96,14478435,4.2,1.2,5.4,3.5,"[5, 5, 4, 3, 4]","[2, 1, 1, 1, 1]"
AppMAIS7R,2022-07-19,19,88.7,59.5,50.8,10129213,6.2,0.2,6.4,31.0,"[5, 6, 6, 7, 7]","[1, 0, 0, 0, 0]"
AppMAIS7R,2022-07-20,14,88.52,59.7,51.24,8333948,4.6,0.2,4.8,23.0,"[0, 6, 6, 6, 5]","[0, 0, 0, 1, 0]"
AppMAIS7R,2022-07-20,15,88.88,59.8,51.24,12726563,7.4,1.6,9.0,4.62,"[3, 9, 8, 8, 9]","[1, 2, 2, 1, 2]"
AppMAIS7R,2022-07-20,16,89.96,60.0,51.23,19248201,8.2,0.8,9.0,10.25,"[5, 9, 9, 8, 10]","[0, 1, 1, 1, 1]"
AppMAIS7R,2022-07-20,17,89.96,60.0,51.12,11618014,4.4,2.0,6.4,2.2,"[3, 6, 5, 4, 4]","[1, 2, 3, 2, 2]"
AppMAIS7R,2022-07-20,18,90.14,60.2,50.96,13915224,8.6,0.8,9.4,10.75,"[10, 9, 8, 7, 9]","[1, 1, 0, 2, 0]"
AppMAIS7R,2022-07-20,20,89.96,60.5,50.87,9699387,6.4,0.6,7.0,10.67,"[7, 6, 7, 6, 6]","[0, 1, 0, 1, 1]"
AppMAIS7R,2022-07-21,14,88.7,61.3,51.29,10669074,2.4,0.4,2.8,6.0,"[0, 3, 3, 3, 3]","[0, 0, 0, 1, 1]"
AppMAIS7R,2022-07-21,15,89.42,61.4,51.53,10831297,5.6,1.2,6.8,4.67,"[4, 6, 7, 6, 5]","[1, 1, 1, 1, 2]"
AppMAIS7R,2022-07-21,16,90.5,61.6,51.25,22530083,7.6,1.2,8.799999999999999,6.33,"[8, 8, 7, 7, 8]","[1, 2, 1, 1, 1]"
AppMAIS7R,2022-07-21,17,90.68,61.5,50.95,16056683,4.8,1.0,5.8,4.8,"[7, 5, 4, 4, 4]","[1, 1, 1, 1, 1]"
AppMAIS7R,2022-07-21,20,89.96,61.7,50.66,4045076,0.6,0.4,1.0,1.5,"[1, 1, 1, 0, 0]","[0, 0, 0, 1, 1]"
AppMAIS7R,2022-07-22,08,85.64,61.1,50.09,6890483,0.8,0.2,1.0,4.0,"[0, 1, 1, 1, 1]","[0, 0, 0, 0, 1]"
AppMAIS7R,2022-07-22,13,88.88,61.6,51.38,6795146,2.8,0.2,3.0,14.0,"[0, 3, 4, 4, 3]","[0, 0, 0, 0, 1]"
AppMAIS7R,2022-07-22,14,89.6,61.6,51.08,7259260,5.8,0.6,6.3999999999999995,9.67,"[1, 4, 8, 8, 8]","[0, 2, 0, 0, 1]"
AppMAIS7R,2022-07-22,15,90.14,61.6,50.96,12518980,11.4,1.2,12.6,9.5,"[11, 10, 11, 13, 12]","[2, 1, 1, 1, 1]"
AppMAIS7R,2022-07-22,18,89.96,61.7,50.58,6401004,2.8,0.2,3.0,14.0,"[3, 2, 3, 3, 3]","[0, 1, 0, 0, 0]"
AppMAIS7R,2022-07-23,15,92.12,60.9,50.63,11161403,7.2,1.0,8.2,7.2,"[3, 9, 9, 8, 7]","[3, 1, 0, 0, 1]"
AppMAIS7R,2022-07-23,17,91.94,61.1,50.6,13512293,6.6,3.0,9.6,2.2,"[5, 6, 8, 8, 6]","[2, 5, 2, 1, 5]"
AppMAIS7R,2022-07-26,10,86.18,62.5,51.28,11122542,3.6,0.8,4.4,4.5,"[0, 4, 5, 5, 4]","[0, 1, 1, 1, 1]"
AppMAIS7R,2022-07-26,13,88.7,62.8,51.44,9873494,2.8,0.4,3.1999999999999997,7.0,"[1, 4, 3, 3, 3]","[0, 1, 1, 0, 0]"
AppMAIS7R,2022-07-26,14,89.78,63.0,51.85,9675016,8.0,0.8,8.8,10.0,"[5, 9, 9, 9, 8]","[0, 1, 1, 1, 1]"
AppMAIS7R,2022-07-26,15,91.94,63.3,51.94,12457586,7.0,1.6,8.6,4.38,"[2, 8, 8, 10, 7]","[1, 4, 2, 0, 1]"
AppMAIS7R,2022-07-26,16,91.94,63.3,51.76,14978909,4.4,1.0,5.4,4.4,"[2, 5, 4, 4, 7]","[0, 1, 2, 1, 1]"
AppMAIS7R,2022-07-26,17,91.58,63.3,51.64,19680668,3.8,1.4,5.199999999999999,2.71,"[5, 2, 4, 5, 3]","[1, 1, 2, 1, 2]"
AppMAIS7R,2022-07-26,18,90.68,63.3,51.51,11174574,7.4,0.2,7.6000000000000005,37.0,"[7, 8, 8, 7, 7]","[0, 0, 0, 0, 1]"
AppMAIS7R,2022-07-26,20,89.96,63.3,50.91,11145864,6.0,0.6,6.6,10.0,"[6, 5, 6, 7, 6]","[1, 2, 0, 0, 0]"
AppMAIS7R,2022-07-27,11,88.52,62.0,50.95,8319693,3.0,0.2,3.2,15.0,"[0, 0, 5, 4, 6]","[0, 0, 1, 0, 0]"
AppMAIS7R,2022-07-27,14,92.12,62.2,51.34,15349012,5.0,1.8,6.8,2.78,"[1, 5, 6, 6, 7]","[0, 1, 3, 2, 3]"
AppMAIS7R,2022-07-27,15,92.12,62.3,51.47,19893519,10.6,3.8,14.399999999999999,2.79,"[3, 14, 13, 12, 11]","[0, 2, 5, 6, 6]"
AppMAIS7R,2022-07-27,16,93.02,62.4,51.55,17638418,10.2,0.8,11.0,12.75,"[10, 10, 10, 9, 12]","[0, 1, 1, 1, 1]"
AppMAIS7R,2022-07-27,17,92.84,62.3,51.41,20218797,6.4,0.8,7.2,8.0,"[7, 6, 6, 6, 7]","[0, 1, 2, 1, 0]"
AppMAIS7R,2022-07-27,18,91.58,62.2,51.37,15398020,10.6,0.6,11.2,17.67,"[10, 11, 11, 11, 10]","[2, 1, 0, 0, 0]"
AppMAIS7R,2022-07-28,12,91.22,60.8,50.95,6933473,1.8,0.2,2.0,9.0,"[0, 0, 2, 3, 4]","[0, 0, 1, 0, 0]"
AppMAIS7R,2022-07-28,15,92.66,61.0,51.23,13443063,5.8,0.4,6.2,14.5,"[4, 7, 5, 6, 7]","[0, 0, 1, 0, 1]"
AppMAIS7R,2022-07-28,16,93.38,61.1,51.01,14960881,5.8,1.2,7.0,4.83,"[4, 4, 8, 6, 7]","[2, 2, 1, 0, 1]"
AppMAIS7R,2022-07-28,17,93.02,60.7,50.76,7894063,5.8,0.4,6.2,14.5,"[4, 6, 7, 7, 5]","[1, 0, 0, 0, 1]"
AppMAIS7R,2022-07-28,19,91.04,60.9,50.53,7459361,7.4,0.4,7.800000000000001,18.5,"[7, 8, 8, 7, 7]","[1, 1, 0, 0, 0]"
AppMAIS7R,2022-07-29,15,92.12,59.5,50.86,16606148,11.2,0.2,11.399999999999999,56.0,"[10, 12, 11, 11, 12]","[1, 0, 0, 0, 0]"
AppMAIS7R,2022-07-30,14,91.04,58.8,50.75,12986285,4.6,0.8,5.3999999999999995,5.75,"[3, 5, 6, 5, 4]","[0, 1, 1, 1, 1]"
AppMAIS7R,2022-07-30,15,91.58,58.8,50.77,32042003,10.8,3.4,14.200000000000001,3.18,"[14, 13, 8, 10, 9]","[0, 4, 4, 4, 5]"
AppMAIS7R,2022-07-30,16,91.58,58.8,50.58,8917280,5.0,1.0,6.0,5.0,"[4, 5, 5, 6, 5]","[1, 1, 1, 1, 1]"
AppMAIS7R,2022-07-31,15,90.68,58.8,51.28,13912938,6.6,1.8,8.4,3.67,"[3, 4, 9, 8, 9]","[0, 3, 2, 2, 2]"
AppMAIS7R,2022-07-31,17,90.86,58.8,51.09,11077737,4.6,1.0,5.6,4.6,"[6, 5, 4, 4, 4]","[1, 1, 1, 1, 1]"
AppMAIS7R,2022-08-01,12,89.78,59.2,51.86,7343037,1.8,0.2,2.0,9.0,"[1, 2, 2, 2, 2]","[1, 0, 0, 0, 0]"
AppMAIS7R,2022-08-01,15,91.04,59.0,52.15,31438526,4.6,0.4,5.0,11.5,"[2, 5, 8, 3, 5]","[0, 0, 0, 1, 1]"
AppMAIS7R,2022-08-01,16,91.58,59.2,52.21,13941991,5.6,2.4,8.0,2.33,"[6, 5, 5, 5, 7]","[1, 3, 3, 3, 2]"
AppMAIS7R,2022-08-01,17,91.58,59.1,52.31,13851077,5.8,1.6,7.4,3.62,"[6, 5, 5, 7, 6]","[3, 2, 1, 1, 1]"
AppMAIS7R,2022-08-01,20,89.96,59.4,51.87,6836796,4.8,0.2,5.0,24.0,"[4, 4, 5, 5, 6]","[1, 0, 0, 0, 0]"
AppMAIS7R,2022-08-02,12,90.14,58.9,51.3,12458079,5.2,0.4,5.6000000000000005,13.0,"[1, 5, 7, 5, 8]","[1, 1, 0, 0, 0]"
AppMAIS7R,2022-08-02,15,92.48,59.4,52.0,14306678,4.6,0.8,5.3999999999999995,5.75,"[1, 7, 6, 5, 4]","[0, 0, 1, 3, 0]"
AppMAIS7R,2022-08-02,16,92.84,59.6,51.86,23390812,13.2,0.8,14.0,16.5,"[12, 15, 13, 14, 12]","[0, 1, 1, 1, 1]"
AppMAIS7R,2022-08-02,17,92.3,59.4,51.61,20565718,12.2,1.4,13.6,8.71,"[13, 11, 12, 12, 13]","[3, 2, 1, 0, 1]"
AppMAIS7R,2022-08-03,11,91.22,58.6,51.21,11315242,2.2,0.2,2.4000000000000004,11.0,"[0, 0, 2, 4, 5]","[0, 0, 0, 1, 0]"
AppMAIS7R,2022-08-03,13,92.48,58.7,51.31,9017583,3.2,0.2,3.4000000000000004,16.0,"[0, 3, 5, 4, 4]","[0, 0, 0, 1, 0]"
AppMAIS7R,2022-08-03,15,92.84,58.8,51.06,19454341,9.8,0.4,10.200000000000001,24.5,"[7, 12, 10, 10, 10]","[0, 0, 2, 0, 0]"
AppMAIS7R,2022-08-03,16,93.56,58.8,50.75,11155493,2.8,0.2,3.0,14.0,"[1, 3, 3, 4, 3]","[0, 1, 0, 0, 0]"
AppMAIS7R,2022-08-03,17,92.66,58.6,50.55,16079837,8.2,1.6,9.799999999999999,5.12,"[9, 8, 8, 8, 8]","[2, 2, 2, 1, 1]"
AppMAIS7R,2022-08-03,18,91.58,58.7,50.51,13627228,10.0,0.6,10.6,16.67,"[10, 10, 10, 10, 10]","[3, 0, 0, 0, 0]"
AppMAIS7R,2022-08-04,15,91.4,57.4,51.44,16329750,7.0,1.2,8.2,5.83,"[5, 6, 8, 8, 8]","[1, 3, 1, 1, 0]"
AppMAIS7R,2022-08-04,16,92.12,57.3,51.22,14348770,6.8,0.2,7.0,34.0,"[5, 10, 8, 6, 5]","[1, 0, 0, 0, 0]"
AppMAIS7R,2022-08-04,17,91.94,57.3,50.86,13101965,7.0,3.0,10.0,2.33,"[7, 8, 7, 6, 7]","[2, 5, 3, 3, 2]"
AppMAIS7R,2022-08-04,20,90.5,57.6,50.35,8733899,8.0,0.2,8.2,40.0,"[8, 8, 8, 8, 8]","[0, 0, 0, 1, 0]"
AppMAIS7R,2022-08-05,11,91.04,56.4,50.66,11040955,1.8,0.2,2.0,9.0,"[0, 0, 3, 3, 3]","[0, 0, 0, 1, 0]"
AppMAIS7R,2022-08-05,13,89.96,56.8,50.77,4948210,1.4,0.4,1.7999999999999998,3.5,"[0, 0, 2, 2, 3]","[0, 0, 1, 1, 0]"
AppMAIS7R,2022-08-06,11,90.68,57.5,51.22,12901090,4.6,0.2,4.8,23.0,"[0, 3, 6, 8, 6]","[0, 0, 0, 0, 1]"
AppMAIS7R,2022-08-06,14,89.78,58.2,50.83,9271975,4.4,0.4,4.800000000000001,11.0,"[2, 5, 5, 5, 5]","[0, 0, 0, 1, 1]"
AppMAIS7R,2022-08-07,14,92.12,57.6,50.82,18125112,7.4,0.2,7.6000000000000005,37.0,"[0, 6, 10, 11, 10]","[0, 0, 0, 0, 1]"
AppMAIS7R,2022-08-07,15,92.66,57.9,50.96,16097125,7.4,0.4,7.800000000000001,18.5,"[8, 8, 7, 7, 7]","[1, 0, 0, 0, 1]"
AppMAIS7R,2022-08-07,16,91.58,57.9,50.58,22051216,11.2,1.8,13.0,6.22,"[4, 13, 14, 13, 12]","[0, 3, 1, 3, 2]"
AppMAIS7R,2022-08-07,17,91.22,58.2,50.43,25025605,11.8,1.0,12.8,11.8,"[12, 12, 12, 13, 10]","[1, 2, 1, 0, 1]"
AppMAIS7R,2022-08-07,20,90.32,58.2,50.26,15774738,19.4,0.4,19.799999999999997,48.5,"[21, 20, 20, 18, 18]","[0, 0, 1, 0, 1]"
AppMAIS7R,2022-08-08,12,92.84,57.7,50.74,19098686,6.6,0.6,7.199999999999999,11.0,"[0, 6, 9, 9, 9]","[0, 0, 1, 1, 1]"
AppMAIS7R,2022-08-08,13,93.38,58.2,50.69,13599530,6.4,0.2,6.6000000000000005,32.0,"[0, 7, 9, 8, 8]","[0, 0, 0, 0, 1]"
AppMAIS7R,2022-08-08,14,93.74,58.2,50.63,26631955,21.6,1.2,22.8,18.0,"[20, 23, 21, 22, 22]","[0, 1, 2, 2, 1]"
AppMAIS7R,2022-08-08,15,92.12,58.5,50.49,28940061,21.0,2.8,23.8,7.5,"[23, 19, 20, 22, 21]","[2, 4, 3, 3, 2]"
AppMAIS7R,2022-08-08,16,91.94,58.7,50.39,35414623,19.0,0.4,19.4,47.5,"[9, 22, 22, 21, 21]","[2, 0, 0, 0, 0]"
AppMAIS7R,2022-08-08,17,91.94,58.3,50.73,49707267,26.6,2.8,29.400000000000002,9.5,"[27, 26, 28, 26, 26]","[3, 3, 3, 3, 2]"
AppMAIS7R,2022-08-09,09,90.68,57.5,50.24,34787623,12.0,0.2,12.2,60.0,"[0, 9, 16, 17, 18]","[0, 1, 0, 0, 0]"
AppMAIS7R,2022-08-09,12,93.74,58.1,50.48,19696750,7.8,0.2,8.0,39.0,"[0, 5, 12, 13, 9]","[0, 0, 0, 0, 1]"
AppMAIS7R,2022-08-09,13,94.46,58.2,50.62,28194879,18.2,0.8,19.0,22.75,"[7, 20, 21, 23, 20]","[0, 0, 1, 1, 2]"
AppMAIS7R,2022-08-09,15,92.66,58.2,50.29,26983208,21.8,2.0,23.8,10.9,"[24, 22, 21, 23, 19]","[2, 2, 2, 2, 2]"
AppMAIS7R,2022-08-09,16,92.48,58.6,50.17,34546408,26.8,2.4,29.2,11.17,"[28, 26, 25, 27, 28]","[2, 3, 3, 2, 2]"
AppMAIS7R,2022-08-09,17,92.66,58.2,50.14,35295485,23.6,1.2,24.8,19.67,"[21, 24, 24, 24, 25]","[1, 1, 1, 2, 1]"
AppMAIS7R,2022-08-09,18,92.48,58.1,50.24,28007478,27.2,0.2,27.4,136.0,"[28, 26, 28, 27, 27]","[1, 0, 0, 0, 0]"
AppMAIS7R,2022-08-10,14,92.66,58.8,50.42,17235160,12.0,0.4,12.4,30.0,"[12, 12, 12, 12, 12]","[0, 0, 1, 0, 1]"
AppMAIS7R,2022-08-10,15,92.48,58.9,50.16,32503889,20.2,2.2,22.4,9.18,"[14, 20, 24, 24, 19]","[1, 3, 2, 2, 3]"
AppMAIS7R,2022-08-10,16,93.56,58.5,50.34,38251777,20.0,1.4,21.4,14.29,"[14, 22, 23, 20, 21]","[1, 0, 3, 1, 2]"
AppMAIS7R,2022-08-10,17,92.66,58.5,50.65,35292765,27.6,0.8,28.400000000000002,34.5,"[26, 31, 27, 27, 27]","[0, 0, 2, 0, 2]"
AppMAIS7R,2022-08-10,18,91.94,58.7,50.68,31066959,23.6,0.4,24.0,59.0,"[24, 22, 26, 24, 22]","[0, 1, 0, 1, 0]"
AppMAIS7R,2022-08-10,19,91.94,58.8,50.54,25961947,15.2,0.4,15.6,38.0,"[16, 15, 16, 15, 14]","[0, 2, 0, 0, 0]"
AppMAIS7R,2022-08-10,20,91.94,58.4,50.2,29257980,25.2,0.2,25.4,126.0,"[27, 25, 24, 24, 26]","[0, 0, 0, 1, 0]"
AppMAIS7R,2022-08-11,09,92.12,57.6,49.71,22330288,18.0,0.2,18.2,90.0,"[18, 21, 17, 18, 16]","[1, 0, 0, 0, 0]"
AppMAIS7R,2022-08-11,10,91.94,57.8,49.8,27217361,16.8,0.2,17.0,84.0,"[14, 18, 20, 15, 17]","[1, 0, 0, 0, 0]"
AppMAIS7R,2022-08-11,12,92.3,57.9,49.86,28251231,16.4,0.2,16.599999999999998,82.0,"[12, 17, 17, 19, 17]","[0, 0, 0, 1, 0]"
AppMAIS7R,2022-08-11,14,92.48,57.8,49.89,35080748,20.0,2.0,22.0,10.0,"[13, 24, 21, 22, 20]","[1, 2, 2, 2, 3]"
AppMAIS7R,2022-08-11,15,93.2,58.0,50.1,28975858,15.8,0.6,16.400000000000002,26.33,"[13, 15, 15, 18, 18]","[1, 1, 1, 0, 0]"
AppMAIS7R,2022-08-11,16,93.02,58.2,50.28,34044672,15.6,1.2,16.8,13.0,"[10, 18, 18, 15, 17]","[0, 1, 1, 2, 2]"
AppMAIS7R,2022-08-11,17,92.48,58.2,50.39,13835210,6.0,0.6,6.6,10.0,"[6, 6, 6, 6, 6]","[1, 1, 0, 1, 0]"
AppMAIS7R,2022-08-11,18,92.84,58.4,50.36,6413941,3.4,0.2,3.6,17.0,"[4, 6, 4, 1, 2]","[0, 0, 0, 1, 0]"
AppMAIS7R,2022-08-12,11,93.2,58.3,49.96,14835951,5.4,0.8,6.2,6.75,"[4, 7, 5, 5, 6]","[0, 1, 1, 1, 1]"
AppMAIS7R,2022-08-12,14,93.56,59.0,50.16,16644796,4.8,0.8,5.6,6.0,"[3, 5, 6, 6, 4]","[0, 1, 1, 1, 1]"
AppMAIS7R,2022-08-12,15,93.38,59.1,50.4,32240727,10.0,3.2,13.2,3.12,"[12, 10, 9, 10, 9]","[2, 4, 4, 3, 3]"
AppMAIS7R,2022-08-12,17,93.38,59.3,50.19,18177351,5.8,0.8,6.6,7.25,"[6, 6, 5, 5, 7]","[0, 1, 1, 1, 1]"
AppMAIS7R,2022-08-12,18,93.2,59.2,50.07,9928581,4.8,0.4,5.2,12.0,"[6, 6, 4, 3, 5]","[0, 0, 1, 1, 0]"
AppMAIS7R,2022-08-13,15,93.38,57.1,50.0,13438340,4.4,0.6,5.0,7.33,"[5, 5, 5, 4, 3]","[1, 1, 1, 0, 0]"
AppMAIS7R,2022-08-13,16,93.02,57.5,49.87,7212535,2.2,0.8,3.0,2.75,"[2, 2, 2, 2, 3]","[1, 2, 1, 0, 0]"
AppMAIS7R,2022-08-13,17,92.48,57.6,49.83,14759729,7.6,3.4,11.0,2.24,"[8, 9, 7, 7, 7]","[3, 4, 3, 4, 3]"
AppMAIS7R,2022-08-13,19,92.48,57.3,49.85,11814690,7.0,0.4,7.4,17.5,"[6, 7, 8, 7, 7]","[0, 1, 0, 1, 0]"
AppMAIS7R,2022-08-14,13,93.02,56.8,49.95,12607816,5.6,0.2,5.8,28.0,"[7, 5, 5, 5, 6]","[0, 1, 0, 0, 0]"
AppMAIS7R,2022-08-14,16,92.48,57.0,49.79,7410968,3.8,0.6,4.3999999999999995,6.33,"[4, 4, 3, 4, 4]","[1, 0, 1, 0, 1]"
AppMAIS7R,2022-08-14,20,92.48,56.8,49.85,9296277,6.6,0.2,6.8,33.0,"[6, 6, 7, 6, 8]","[0, 0, 0, 1, 0]"
AppMAIS7R,2022-08-15,09,92.66,57.3,49.36,5295969,0.4,0.2,0.6000000000000001,2.0,"[0, 1, 0, 1, 0]","[0, 0, 1, 0, 0]"
AppMAIS7R,2022-08-15,15,93.38,57.7,49.68,13726176,7.2,0.2,7.4,36.0,"[8, 8, 7, 7, 6]","[0, 1, 0, 0, 0]"
AppMAIS7R,2022-08-15,16,93.92,57.9,49.63,13937028,3.4,0.4,3.8,8.5,"[3, 3, 3, 4, 4]","[1, 0, 0, 1, 0]"
AppMAIS7R,2022-08-15,20,93.38,58.0,49.4,7139965,3.4,0.2,3.6,17.0,"[3, 3, 3, 4, 4]","[1, 0, 0, 0, 0]"
AppMAIS7R,2022-08-16,11,93.02,57.8,48.86,6237145,3.4,0.4,3.8,8.5,"[5, 4, 4, 2, 2]","[0, 2, 0, 0, 0]"
AppMAIS7R,2022-08-17,12,93.74,56.4,49.68,10571584,6.4,0.2,6.6000000000000005,32.0,"[6, 8, 7, 5, 6]","[0, 0, 0, 1, 0]"
AppMAIS7R,2022-08-17,13,93.38,56.6,49.48,9888367,2.0,0.8,2.8,2.5,"[0, 2, 3, 2, 3]","[0, 1, 1, 1, 1]"
AppMAIS7R,2022-08-17,14,93.92,56.7,49.63,12676703,3.0,1.0,4.0,3.0,"[2, 5, 4, 2, 2]","[1, 1, 1, 1, 1]"
AppMAIS7R,2022-08-17,15,93.38,56.8,49.72,20520863,8.0,0.8,8.8,10.0,"[5, 11, 8, 9, 7]","[0, 1, 1, 1, 1]"
AppMAIS7R,2022-08-17,16,93.56,56.9,49.7,19317778,4.4,1.6,6.0,2.75,"[4, 4, 5, 5, 4]","[2, 1, 1, 2, 2]"
AppMAIS7R,2022-08-17,19,93.56,57.2,49.24,9298302,4.2,0.2,4.4,21.0,"[4, 5, 3, 5, 4]","[0, 0, 1, 0, 0]"
AppMAIS7R,2022-08-17,20,93.2,57.2,49.07,8470688,5.2,0.2,5.4,26.0,"[5, 5, 4, 6, 6]","[0, 0, 1, 0, 0]"
AppMAIS7R,2022-08-18,13,93.92,56.6,50.19,12089726,4.4,0.6,5.0,7.33,"[4, 6, 5, 4, 3]","[0, 0, 1, 1, 1]"
AppMAIS7R,2022-08-18,14,93.38,56.7,50.36,15999996,3.2,1.0,4.2,3.2,"[3, 2, 4, 4, 3]","[0, 2, 1, 1, 1]"
AppMAIS7R,2022-08-18,16,94.1,56.3,50.08,19729206,5.0,1.8,6.8,2.78,"[5, 7, 5, 4, 4]","[1, 2, 2, 2, 2]"
AppMAIS7R,2022-08-19,13,93.02,55.2,49.92,12690355,3.4,0.4,3.8,8.5,"[1, 5, 4, 5, 2]","[0, 0, 0, 1, 1]"
AppMAIS7R,2022-08-19,15,93.38,55.0,50.08,7787831,5.0,0.2,5.2,25.0,"[5, 5, 4, 5, 6]","[0, 0, 0, 0, 1]"
AppMAIS7R,2022-08-19,16,93.38,55.0,49.84,14060788,4.6,2.6,7.199999999999999,1.77,"[5, 8, 4, 3, 3]","[2, 3, 3, 2, 3]"
AppMAIS7R,2022-08-19,18,93.56,55.0,50.05,6933153,1.4,0.4,1.7999999999999998,3.5,"[1, 1, 2, 2, 1]","[0, 1, 0, 0, 1]"
AppMAIS7R,2022-08-19,19,93.38,54.9,49.68,6736582,3.2,0.2,3.4000000000000004,16.0,"[3, 3, 2, 4, 4]","[1, 0, 0, 0, 0]"
AppMAIS7R,2022-08-19,20,93.2,54.9,49.69,8269079,2.6,0.2,2.8000000000000003,13.0,"[3, 3, 2, 2, 3]","[0, 0, 0, 1, 0]"
AppMAIS7R,2022-08-20,16,94.1,54.5,49.09,61692335,31.2,0.6,31.8,52.0,"[27, 36, 30, 36, 27]","[0, 1, 0, 1, 1]"
AppMAIS7R,2022-08-20,17,94.46,54.6,49.06,14959495,4.4,1.6,6.0,2.75,"[5, 3, 4, 5, 5]","[1, 2, 2, 1, 2]"
AppMAIS7R,2022-08-21,16,93.56,54.9,49.28,15044846,5.6,0.6,6.199999999999999,9.33,"[5, 6, 7, 5, 5]","[0, 3, 0, 0, 0]"
AppMAIS7R,2022-08-21,17,93.74,55.0,49.29,18840211,7.4,1.2,8.6,6.17,"[5, 9, 7, 7, 9]","[0, 2, 2, 1, 1]"
AppMAIS7R,2022-08-21,18,93.38,55.0,49.38,7645499,3.0,0.2,3.2,15.0,"[3, 3, 3, 3, 3]","[0, 1, 0, 0, 0]"
AppMAIS7R,2022-08-21,20,93.2,55.1,49.25,6703872,2.2,0.2,2.4000000000000004,11.0,"[2, 3, 2, 2, 2]","[1, 0, 0, 0, 0]"
AppMAIS7R,2022-08-22,11,93.92,56.3,49.12,16601237,3.0,0.2,3.2,15.0,"[1, 2, 4, 5, 3]","[0, 0, 1, 0, 0]"
AppMAIS7R,2022-08-22,14,94.82,56.4,49.8,14803107,3.4,1.4,4.8,2.43,"[0, 2, 5, 5, 5]","[0, 0, 2, 2, 3]"
AppMAIS7R,2022-08-22,15,94.82,56.7,49.88,18644709,2.4,1.0,3.4,2.4,"[1, 2, 3, 4, 2]","[0, 0, 1, 2, 2]"
AppMAIS7R,2022-08-22,16,95.54,56.7,49.88,23026571,8.0,1.0,9.0,8.0,"[9, 8, 8, 7, 8]","[1, 1, 1, 1, 1]"
AppMAIS7R,2022-08-22,17,94.46,56.3,49.86,12415306,3.8,1.2,5.0,3.17,"[6, 2, 4, 3, 4]","[0, 2, 2, 1, 1]"
AppMAIS7R,2022-08-23,14,95.18,56.2,49.32,12735797,2.2,0.4,2.6,5.5,"[0, 3, 2, 4, 2]","[0, 1, 0, 0, 1]"
AppMAIS7R,2022-08-23,16,95.54,56.0,49.15,19957081,10.8,0.2,11.0,54.0,"[10, 13, 11, 10, 10]","[1, 0, 0, 0, 0]"
AppMAIS7R,2022-08-23,17,94.82,55.5,48.8,15202558,5.6,1.0,6.6,5.6,"[6, 6, 6, 5, 5]","[1, 1, 1, 1, 1]"
AppMAIS7R,2022-08-23,18,93.2,55.5,48.85,10336996,2.8,0.2,3.0,14.0,"[2, 2, 3, 4, 3]","[0, 0, 1, 0, 0]"
AppMAIS7R,2022-08-23,19,93.02,55.3,48.71,11235645,3.0,0.2,3.2,15.0,"[3, 3, 3, 4, 2]","[1, 0, 0, 0, 0]"
AppMAIS7R,2022-08-24,15,94.64,55.4,48.79,21610045,5.8,1.8,7.6,3.22,"[2, 4, 6, 7, 10]","[0, 2, 2, 2, 3]"
AppMAIS7R,2022-08-24,16,94.64,55.4,48.77,23395441,10.2,0.6,10.799999999999999,17.0,"[6, 9, 11, 13, 12]","[1, 1, 0, 0, 1]"
AppMAIS7R,2022-08-24,18,93.56,55.0,48.58,10864246,4.0,1.2,5.2,3.33,"[4, 3, 4, 4, 5]","[1, 2, 1, 1, 1]"
AppMAIS7R,2022-08-25,08,93.38,55.6,48.28,7212197,4.4,0.4,4.800000000000001,11.0,"[5, 5, 4, 4, 4]","[1, 0, 0, 1, 0]"
AppMAIS7R,2022-08-25,14,95.72,56.3,48.7,13052209,3.2,0.4,3.6,8.0,"[0, 4, 4, 5, 3]","[0, 0, 0, 0, 2]"
AppMAIS7R,2022-08-25,18,93.2,56.0,48.67,12769220,7.0,0.8,7.8,8.75,"[7, 7, 7, 7, 7]","[0, 1, 1, 1, 1]"
AppMAIS7R,2022-08-26,09,92.84,56.0,48.16,9888920,3.2,0.2,3.4000000000000004,16.0,"[3, 4, 3, 3, 3]","[1, 0, 0, 0, 0]"
AppMAIS7R,2022-08-26,10,92.84,56.0,48.2,19232897,4.0,0.2,4.2,20.0,"[0, 1, 7, 5, 7]","[0, 0, 0, 1, 0]"
AppMAIS7R,2022-08-26,12,93.92,56.3,48.41,21235919,5.4,0.4,5.800000000000001,13.5,"[5, 8, 6, 3, 5]","[0, 1, 1, 0, 0]"
AppMAIS7R,2022-08-26,13,93.74,56.4,48.18,21109673,3.8,0.2,4.0,19.0,"[0, 3, 7, 6, 3]","[0, 0, 0, 0, 1]"
AppMAIS7R,2022-08-26,14,95.0,56.8,48.44,16103930,5.6,0.4,6.0,14.0,"[0, 4, 8, 9, 7]","[0, 0, 1, 0, 1]"
AppMAIS7R,2022-08-26,15,95.36,56.9,48.72,22783179,6.2,1.4,7.6,4.43,"[2, 3, 9, 8, 9]","[0, 3, 1, 1, 2]"
AppMAIS7R,2022-08-26,16,94.82,56.7,48.68,20842744,9.8,2.0,11.8,4.9,"[6, 14, 8, 11, 10]","[1, 2, 2, 3, 2]"
AppMAIS7R,2022-08-26,17,94.1,56.7,48.51,28599771,16.2,1.4,17.599999999999998,11.57,"[11, 17, 18, 18, 17]","[1, 1, 1, 2, 2]"
AppMAIS7R,2022-08-26,18,93.38,56.6,48.41,7741012,3.2,0.2,3.4000000000000004,16.0,"[3, 3, 2, 4, 4]","[0, 1, 0, 0, 0]"
AppMAIS7R,2022-08-26,19,92.12,56.6,48.32,10495541,4.2,0.2,4.4,21.0,"[5, 3, 4, 4, 5]","[1, 0, 0, 0, 0]"
AppMAIS7R,2022-08-27,13,96.08,56.9,48.37,18316967,3.8,1.0,4.8,3.8,"[0, 1, 7, 5, 6]","[0, 0, 0, 2, 3]"
AppMAIS7R,2022-08-27,15,95.54,56.6,48.32,29903407,13.4,2.0,15.4,6.7,"[11, 14, 15, 13, 14]","[2, 2, 2, 2, 2]"
AppMAIS7R,2022-08-27,16,93.74,56.6,48.18,27379304,18.2,0.4,18.599999999999998,45.5,"[15, 20, 18, 19, 19]","[0, 2, 0, 0, 0]"
AppMAIS7R,2022-08-27,17,93.38,56.3,48.16,26884009,15.8,2.0,17.8,7.9,"[17, 16, 17, 15, 14]","[2, 4, 1, 2, 1]"
AppMAIS7R,2022-08-27,18,93.02,56.2,48.23,20214629,12.2,0.2,12.399999999999999,61.0,"[13, 13, 11, 11, 13]","[0, 0, 0, 1, 0]"
AppMAIS7R,2022-08-27,19,93.02,56.0,48.15,16773018,7.2,0.2,7.4,36.0,"[8, 8, 7, 6, 7]","[0, 0, 0, 1, 0]"
AppMAIS7R,2022-08-27,20,92.48,55.8,48.1,11661348,5.8,0.6,6.3999999999999995,9.67,"[6, 5, 5, 6, 7]","[2, 1, 0, 0, 0]"
AppMAIS7R,2022-08-28,12,95.36,56.8,48.11,40966964,15.8,0.6,16.400000000000002,26.33,"[4, 19, 18, 19, 19]","[1, 1, 0, 1, 0]"
AppMAIS7R,2022-08-28,13,94.82,56.8,48.07,23253980,5.2,0.2,5.4,26.0,"[1, 6, 7, 7, 5]","[0, 0, 0, 0, 1]"
AppMAIS7R,2022-08-28,14,95.0,56.9,48.12,20794855,6.0,0.4,6.4,15.0,"[0, 5, 7, 9, 9]","[0, 0, 0, 0, 2]"
AppMAIS7R,2022-08-28,15,95.54,57.0,48.3,22791126,4.6,0.2,4.8,23.0,"[0, 3, 7, 8, 5]","[0, 0, 0, 0, 1]"
AppMAIS7R,2022-08-28,16,95.54,57.0,48.17,22395772,7.4,0.4,7.800000000000001,18.5,"[9, 7, 8, 6, 7]","[0, 1, 1, 0, 0]"
AppMAIS7R,2022-08-28,17,94.64,56.7,48.01,26056670,15.2,0.4,15.6,38.0,"[14, 15, 15, 16, 16]","[1, 1, 0, 0, 0]"
AppMAIS7R,2022-08-28,18,93.38,56.7,48.04,16906508,5.0,0.6,5.6,8.33,"[5, 4, 6, 5, 5]","[1, 2, 0, 0, 0]"
AppMAIS7R,2022-08-28,19,92.84,56.5,48.06,11048345,3.8,0.4,4.2,9.5,"[2, 2, 5, 5, 5]","[1, 1, 0, 0, 0]"
AppMAIS7R,2022-08-28,20,92.48,56.5,48.07,12855573,6.6,0.4,7.0,16.5,"[8, 9, 5, 6, 5]","[0, 0, 0, 1, 1]"
AppMAIS7R,2022-08-29,11,95.0,56.8,47.97,33249981,6.0,0.2,6.2,30.0,"[0, 1, 8, 13, 8]","[0, 0, 0, 0, 1]"
AppMAIS7R,2022-08-29,13,96.08,57.2,47.7,31841163,5.2,0.6,5.8,8.67,"[0, 3, 4, 9, 10]","[0, 1, 2, 0, 0]"
AppMAIS7R,2022-08-29,14,95.72,57.3,47.74,22302269,7.4,0.2,7.6000000000000005,37.0,"[0, 6, 6, 12, 13]","[0, 0, 1, 0, 0]"
AppMAIS7R,2022-08-29,15,95.9,57.1,47.79,29724241,6.4,1.8,8.200000000000001,3.56,"[3, 6, 9, 7, 7]","[0, 1, 3, 3, 2]"
AppMAIS7R,2022-08-29,16,95.36,57.0,47.71,49558992,24.6,2.2,26.8,11.18,"[19, 28, 25, 27, 24]","[3, 5, 2, 0, 1]"
AppMAIS7R,2022-08-29,17,94.64,56.4,47.7,42271349,22.6,0.4,23.0,56.5,"[15, 28, 23, 23, 24]","[0, 0, 1, 0, 1]"
AppMAIS7R,2022-08-29,18,93.2,56.3,47.74,19510397,11.0,1.0,12.0,11.0,"[14, 10, 11, 10, 10]","[2, 2, 1, 0, 0]"
AppMAIS7R,2022-08-29,19,92.84,56.4,47.78,14681485,10.4,0.8,11.200000000000001,13.0,"[10, 9, 12, 9, 12]","[2, 1, 1, 0, 0]"
AppMAIS7R,2022-08-29,20,92.12,56.0,47.78,17017236,5.8,0.2,6.0,29.0,"[6, 7, 5, 5, 6]","[0, 0, 1, 0, 0]"
AppMAIS7R,2022-08-30,11,95.0,56.0,47.49,60687685,26.8,0.4,27.2,67.0,"[12, 28, 27, 33, 34]","[0, 0, 1, 1, 0]"
AppMAIS7R,2022-08-30,12,95.72,56.0,47.51,26181351,6.2,0.2,6.4,31.0,"[0, 5, 10, 8, 8]","[0, 0, 0, 1, 0]"
AppMAIS7R,2022-08-30,13,95.9,56.3,47.74,29994324,14.0,0.6,14.6,23.33,"[0, 15, 18, 19, 18]","[0, 0, 1, 0, 2]"
AppMAIS7R,2022-08-30,15,95.36,56.0,47.84,29160942,23.8,0.4,24.2,59.5,"[21, 25, 26, 26, 21]","[0, 0, 1, 0, 1]"
AppMAIS7R,2022-08-30,16,93.2,56.2,47.83,11807464,5.2,1.8,7.0,2.89,"[3, 5, 6, 6, 6]","[3, 3, 1, 1, 1]"
AppMAIS7R,2022-08-30,20,91.94,56.0,47.7,10058039,2.8,0.2,3.0,14.0,"[3, 3, 2, 2, 4]","[0, 0, 0, 1, 0]"
AppMAIS7R,2022-08-31,10,93.02,56.2,47.62,27092792,5.4,0.2,5.6000000000000005,27.0,"[5, 7, 6, 4, 5]","[0, 0, 1, 0, 0]"
AppMAIS7R,2022-08-31,12,95.0,56.5,47.65,28887069,6.8,0.6,7.3999999999999995,11.33,"[1, 5, 10, 8, 10]","[0, 0, 2, 1, 0]"
AppMAIS7R,2022-08-31,13,95.36,56.6,47.58,19106346,3.8,0.2,4.0,19.0,"[0, 3, 3, 6, 7]","[0, 0, 0, 1, 0]"
AppMAIS7R,2022-08-31,14,95.54,56.1,47.67,27638630,6.2,2.0,8.2,3.1,"[2, 2, 10, 8, 9]","[1, 1, 1, 3, 4]"
AppMAIS7R,2022-08-31,15,95.72,56.0,47.62,59672297,14.2,3.4,17.599999999999998,4.18,"[3, 11, 19, 19, 19]","[1, 5, 4, 3, 4]"
AppMAIS7R,2022-08-31,16,95.9,56.2,47.43,21030048,3.4,1.2,4.6,2.83,"[2, 4, 5, 3, 3]","[1, 2, 1, 1, 1]"
AppMAIS7R,2022-08-31,17,95.54,55.2,47.39,9723287,0.6,0.4,1.0,1.5,"[0, 2, 1, 0, 0]","[0, 1, 1, 0, 0]"
AppMAIS7R,2022-08-31,18,93.2,55.5,47.35,13057544,5.6,0.2,5.8,28.0,"[7, 7, 4, 4, 6]","[1, 0, 0, 0, 0]"
AppMAIS7R,2022-08-31,20,92.66,55.6,47.38,11150378,5.8,0.6,6.3999999999999995,9.67,"[6, 6, 6, 4, 7]","[2, 1, 0, 0, 0]"
AppMAIS7R,2022-09-01,10,92.66,55.2,47.31,31428400,5.2,0.2,5.4,26.0,"[0, 0, 9, 9, 8]","[0, 0, 0, 0, 1]"
AppMAIS7R,2022-09-01,13,95.36,55.6,47.28,16775513,2.6,0.2,2.8000000000000003,13.0,"[0, 2, 4, 4, 3]","[0, 0, 0, 0, 1]"
AppMAIS7R,2022-09-01,14,95.18,55.6,47.18,30099279,10.6,1.0,11.6,10.6,"[0, 6, 13, 17, 17]","[0, 1, 1, 2, 1]"
AppMAIS7R,2022-09-01,15,95.36,55.8,47.41,33404523,16.8,2.4,19.2,7.0,"[11, 17, 20, 18, 18]","[3, 1, 2, 3, 3]"
AppMAIS7R,2022-09-01,16,95.18,55.7,47.29,24495061,5.4,1.0,6.4,5.4,"[7, 6, 5, 5, 4]","[1, 1, 1, 1, 1]"
AppMAIS7R,2022-09-01,20,92.48,55.4,47.48,13660483,7.8,0.6,8.4,13.0,"[8, 9, 8, 7, 7]","[1, 0, 0, 0, 2]"
AppMAIS7R,2022-09-02,10,93.02,55.3,47.31,29906627,5.0,0.2,5.2,25.0,"[0, 1, 7, 8, 9]","[0, 0, 1, 0, 0]"
AppMAIS7R,2022-09-02,12,94.82,55.2,47.26,26427180,5.6,1.0,6.6,5.6,"[0, 3, 8, 9, 8]","[0, 0, 1, 2, 2]"
AppMAIS7R,2022-09-02,14,95.54,55.4,47.28,15440727,4.4,0.2,4.6000000000000005,22.0,"[0, 3, 6, 7, 6]","[0, 0, 0, 1, 0]"
AppMAIS7R,2022-09-02,15,95.36,55.4,47.26,47141674,10.2,1.6,11.799999999999999,6.37,"[2, 7, 17, 13, 12]","[0, 1, 2, 3, 2]"
AppMAIS7R,2022-09-02,16,95.9,55.4,47.14,24194733,6.0,1.0,7.0,6.0,"[6, 6, 4, 8, 6]","[0, 1, 2, 1, 1]"
AppMAIS7R,2022-09-02,17,94.82,55.2,47.13,18010437,5.0,0.6,5.6,8.33,"[5, 5, 5, 5, 5]","[1, 1, 1, 0, 0]"
AppMAIS7R,2022-09-03,11,93.74,55.1,47.0,29480112,3.4,0.4,3.8,8.5,"[0, 2, 6, 4, 5]","[0, 0, 0, 0, 2]"
AppMAIS7R,2022-09-03,12,94.64,55.1,47.02,18478868,3.2,0.2,3.4000000000000004,16.0,"[0, 3, 5, 5, 3]","[0, 0, 0, 0, 1]"
AppMAIS7R,2022-09-03,15,94.82,55.4,47.02,29123195,8.6,1.0,9.6,8.6,"[6, 11, 9, 8, 9]","[1, 1, 1, 1, 1]"
AppMAIS7R,2022-09-03,17,94.1,55.3,47.12,13244907,4.2,0.4,4.6000000000000005,10.5,"[3, 4, 5, 4, 5]","[0, 0, 1, 1, 0]"
AppMAIS7R,2022-09-04,10,93.74,56.3,47.38,8898571,4.6,0.2,4.8,23.0,"[3, 5, 4, 5, 6]","[1, 0, 0, 0, 0]"
AppMAIS7R,2022-09-04,12,93.74,56.3,47.29,15167922,5.0,0.2,5.2,25.0,"[0, 7, 7, 7, 4]","[0, 0, 0, 1, 0]"
AppMAIS7R,2022-09-04,15,94.1,56.6,47.63,12737278,6.2,0.8,7.0,7.75,"[7, 5, 6, 6, 7]","[0, 2, 1, 1, 0]"
AppMAIS7R,2022-09-04,16,93.02,56.7,47.67,13975603,4.0,0.6,4.6,6.67,"[3, 5, 5, 3, 4]","[0, 1, 1, 0, 1]"
AppMAIS7R,2022-09-04,17,93.2,56.5,47.76,10423530,4.8,0.2,5.0,24.0,"[4, 7, 5, 4, 4]","[1, 0, 0, 0, 0]"
AppMAIS7R,2022-09-04,18,93.02,56.5,47.82,11834786,6.2,0.2,6.4,31.0,"[5, 6, 6, 7, 7]","[1, 0, 0, 0, 0]"
AppMAIS7R,2022-09-05,12,93.38,57.8,48.34,5654331,0.4,0.2,0.6000000000000001,2.0,"[1, 1, 0, 0, 0]","[0, 0, 1, 0, 0]"
AppMAIS7R,2022-09-05,13,93.38,57.8,48.33,11539732,4.0,0.4,4.4,10.0,"[4, 4, 5, 3, 4]","[0, 1, 0, 1, 0]"
AppMAIS7R,2022-09-05,15,93.38,57.9,48.12,70827980,26.0,1.0,27.0,26.0,"[4, 31, 37, 34, 24]","[0, 1, 0, 2, 2]"
AppMAIS7R,2022-09-05,16,93.74,58.1,48.07,23652984,13.4,0.6,14.0,22.33,"[3, 15, 16, 14, 19]","[0, 2, 0, 1, 0]"
AppMAIS7R,2022-09-05,17,94.1,58.3,48.09,16360933,8.2,0.2,8.399999999999999,41.0,"[4, 8, 11, 9, 9]","[0, 1, 0, 0, 0]"
AppMAIS7R,2022-09-05,18,93.92,58.3,48.08,18682439,9.6,1.0,10.6,9.6,"[7, 12, 11, 10, 8]","[4, 0, 0, 1, 0]"
AppMAIS7R,2022-09-05,20,93.74,58.5,48.08,26263429,8.0,0.4,8.4,20.0,"[7, 8, 9, 8, 8]","[1, 0, 0, 1, 0]"
AppMAIS7R,2022-09-06,10,94.1,59.4,47.72,9280758,4.0,0.4,4.4,10.0,"[7, 5, 3, 2, 3]","[0, 1, 1, 0, 0]"
AppMAIS7R,2022-09-06,11,94.46,59.6,47.62,23223773,7.6,0.2,7.8,38.0,"[0, 4, 13, 11, 10]","[0, 1, 0, 0, 0]"
AppMAIS7R,2022-09-06,13,95.18,59.8,47.83,20728252,5.6,0.2,5.8,28.0,"[2, 6, 6, 6, 8]","[0, 0, 0, 0, 1]"
AppMAIS7R,2022-09-06,14,94.82,60.0,47.67,39342369,6.4,1.6,8.0,4.0,"[1, 6, 9, 10, 6]","[0, 1, 2, 3, 2]"
AppMAIS7R,2022-09-06,15,95.72,60.0,48.18,58422756,10.6,1.2,11.799999999999999,8.83,"[1, 4, 19, 14, 15]","[0, 0, 2, 2, 2]"
AppMAIS7R,2022-09-06,16,95.72,60.0,48.29,23338699,6.6,0.2,6.8,33.0,"[8, 8, 6, 5, 6]","[1, 0, 0, 0, 0]"
AppMAIS7R,2022-09-06,17,95.36,60.0,48.39,16924150,7.2,0.4,7.6000000000000005,18.0,"[5, 10, 7, 7, 7]","[0, 0, 1, 1, 0]"
AppMAIS7R,2022-09-07,08,93.74,56.6,46.34,8905857,1.6,0.2,1.8,8.0,"[1, 2, 3, 1, 1]","[0, 0, 0, 0, 1]"
AppMAIS7R,2022-09-07,15,95.9,57.0,48.29,24033923,6.0,1.0,7.0,6.0,"[7, 6, 5, 7, 5]","[0, 1, 1, 1, 2]"
AppMAIS7R,2022-09-07,18,94.1,56.4,47.38,17188259,8.0,0.4,8.4,20.0,"[10, 9, 7, 7, 7]","[0, 2, 0, 0, 0]"
AppMAIS7R,2022-09-08,11,93.74,53.3,47.03,21593948,4.6,0.2,4.8,23.0,"[0, 5, 7, 6, 5]","[0, 0, 0, 0, 1]"
AppMAIS7R,2022-09-08,13,94.64,53.4,47.25,19577006,3.8,0.2,4.0,19.0,"[0, 0, 6, 6, 7]","[0, 0, 0, 1, 0]"
AppMAIS7R,2022-09-08,15,95.72,53.8,47.92,29225018,5.0,1.6,6.6,3.12,"[0, 1, 9, 9, 6]","[0, 1, 2, 2, 3]"
AppMAIS7R,2022-09-08,16,95.0,53.9,47.69,27267674,8.2,1.2,9.399999999999999,6.83,"[7, 7, 10, 8, 9]","[1, 2, 1, 1, 1]"
AppMAIS7R,2022-09-08,20,91.94,53.4,47.24,26802707,11.0,0.4,11.4,27.5,"[11, 10, 10, 12, 12]","[0, 0, 1, 1, 0]"
AppMAIS7R,2022-09-09,08,92.84,51.3,47.03,9646509,6.6,0.6,7.199999999999999,11.0,"[6, 6, 8, 7, 6]","[0, 0, 1, 2, 0]"
AppMAIS7R,2022-09-09,09,92.3,51.4,47.08,12525056,4.0,0.2,4.2,20.0,"[4, 2, 4, 5, 5]","[0, 1, 0, 0, 0]"
AppMAIS7R,2022-09-09,15,93.56,51.1,47.73,19050073,7.8,1.0,8.8,7.8,"[2, 9, 11, 8, 9]","[1, 2, 2, 0, 0]"
AppMAIS7R,2022-09-09,16,93.56,51.1,47.74,21677848,4.4,1.0,5.4,4.4,"[3, 7, 4, 5, 3]","[0, 1, 1, 1, 2]"
AppMAIS7R,2022-09-10,09,93.02,51.1,47.64,6591146,3.0,0.4,3.4,7.5,"[4, 3, 3, 3, 2]","[1, 1, 0, 0, 0]"
AppMAIS7R,2022-09-10,10,93.02,50.9,47.62,8257917,5.6,0.4,6.0,14.0,"[6, 6, 5, 5, 6]","[0, 0, 1, 0, 1]"
AppMAIS7R,2022-09-10,11,93.02,50.9,47.65,5168073,0.8,0.2,1.0,4.0,"[0, 2, 2, 0, 0]","[1, 0, 0, 0, 0]"
AppMAIS7R,2022-09-10,14,92.48,51.3,48.39,8243163,4.6,0.6,5.199999999999999,7.67,"[4, 6, 4, 4, 5]","[0, 1, 1, 1, 0]"
AppMAIS7R,2022-09-10,15,92.84,51.2,48.47,12797310,3.8,0.2,4.0,19.0,"[4, 3, 6, 3, 3]","[0, 1, 0, 0, 0]"
AppMAIS7R,2022-09-10,18,93.02,51.9,48.32,9851006,5.4,0.4,5.800000000000001,13.5,"[6, 5, 4, 7, 5]","[1, 0, 1, 0, 0]"
AppMAIS7R,2022-09-10,19,93.02,51.9,48.22,10067827,8.2,0.2,8.399999999999999,41.0,"[7, 8, 9, 8, 9]","[0, 1, 0, 0, 0]"
AppMAIS7R,2022-09-11,08,93.74,54.1,47.14,20326181,8.6,0.2,8.799999999999999,43.0,"[7, 11, 9, 7, 9]","[0, 0, 1, 0, 0]"
AppMAIS7R,2022-09-11,09,93.56,54.1,47.15,24994421,7.2,0.4,7.6000000000000005,18.0,"[6, 7, 7, 7, 9]","[0, 0, 0, 0, 2]"
AppMAIS7R,2022-09-11,10,93.74,54.3,47.19,50020310,14.0,0.6,14.6,23.33,"[5, 15, 18, 15, 17]","[0, 1, 0, 1, 1]"
AppMAIS7R,2022-09-11,11,94.28,54.5,47.26,29866861,6.8,0.2,7.0,34.0,"[0, 0, 12, 12, 10]","[0, 0, 1, 0, 0]"
AppMAIS7R,2022-09-11,12,95.0,54.7,47.35,35402087,3.8,0.4,4.2,9.5,"[0, 4, 6, 5, 4]","[0, 1, 0, 0, 1]"
AppMAIS7R,2022-09-11,14,93.92,55.1,47.45,35206716,12.0,1.4,13.4,8.57,"[12, 14, 12, 11, 11]","[2, 1, 2, 2, 0]"
AppMAIS7R,2022-09-11,15,94.28,55.2,47.56,28793418,6.0,1.2,7.2,5.0,"[1, 9, 7, 7, 6]","[1, 1, 1, 2, 1]"
AppMAIS7R,2022-09-11,19,93.74,55.4,47.44,8732447,1.8,0.4,2.2,4.5,"[2, 1, 1, 2, 3]","[0, 2, 0, 0, 0]"
AppMAIS7R,2022-09-11,20,93.2,55.4,47.24,13674795,5.8,0.2,6.0,29.0,"[8, 7, 5, 5, 4]","[0, 0, 1, 0, 0]"
AppMAIS7R,2022-09-12,08,93.56,53.9,45.87,18427067,4.0,0.2,4.2,20.0,"[0, 3, 5, 5, 7]","[0, 1, 0, 0, 0]"
AppMAIS7R,2022-09-12,09,93.56,53.8,46.92,12087783,7.2,0.2,7.4,36.0,"[7, 8, 8, 6, 7]","[1, 0, 0, 0, 0]"
AppMAIS7R,2022-09-12,10,93.92,53.7,46.81,17506834,4.4,0.2,4.6000000000000005,22.0,"[2, 5, 6, 5, 4]","[1, 0, 0, 0, 0]"
AppMAIS7R,2022-09-12,12,95.0,53.9,47.12,33668202,5.2,0.6,5.8,8.67,"[0, 2, 7, 8, 9]","[0, 0, 0, 2, 1]"
AppMAIS7R,2022-09-12,14,95.54,54.4,47.78,19000091,3.8,0.6,4.3999999999999995,6.33,"[0, 3, 4, 7, 5]","[0, 0, 1, 1, 1]"
AppMAIS7R,2022-09-12,15,94.82,54.4,47.78,43172920,8.6,1.4,10.0,6.14,"[1, 7, 13, 12, 10]","[0, 0, 2, 1, 4]"
AppMAIS7R,2022-09-12,18,93.74,54.4,47.51,11290407,5.0,0.4,5.4,12.5,"[5, 6, 6, 4, 4]","[0, 0, 1, 1, 0]"
AppMAIS7R,2022-09-13,10,93.2,52.4,47.36,27507196,9.2,0.2,9.399999999999999,46.0,"[0, 0, 16, 17, 13]","[0, 0, 0, 1, 0]"
AppMAIS7R,2022-09-13,11,93.92,52.4,47.54,24068546,7.2,0.2,7.4,36.0,"[0, 1, 8, 14, 13]","[0, 0, 0, 0, 1]"
AppMAIS7R,2022-09-13,15,95.36,53.4,47.69,30236160,4.2,1.2,5.4,3.5,"[0, 1, 6, 8, 6]","[0, 0, 1, 1, 4]"
AppMAIS7R,2022-09-13,16,95.18,53.6,47.4,19612012,8.4,0.2,8.6,42.0,"[9, 6, 7, 11, 9]","[0, 0, 0, 0, 1]"
AppMAIS7R,2022-09-14,12,90.14,76.1,47.57,26600844,7.4,0.2,7.6000000000000005,37.0,"[1, 9, 10, 10, 7]","[0, 0, 0, 0, 1]"
AppMAIS7R,2022-09-14,13,89.78,75.9,47.67,25580758,5.0,0.4,5.4,12.5,"[0, 0, 7, 11, 7]","[0, 1, 1, 0, 0]"
AppMAIS7R,2022-09-14,15,91.4,75.8,48.08,35549012,7.2,0.4,7.6000000000000005,18.0,"[0, 2, 10, 13, 11]","[0, 1, 0, 0, 1]"
AppMAIS7R,2022-09-14,16,91.94,76.0,47.96,28597621,12.2,0.2,12.399999999999999,61.0,"[14, 10, 16, 12, 9]","[0, 1, 0, 0, 0]"
AppMAIS7R,2022-09-14,18,87.8,74.8,47.73,15451224,3.0,0.2,3.2,15.0,"[2, 3, 4, 2, 4]","[1, 0, 0, 0, 0]"
AppMAIS7R,2022-09-15,09,80.6,73.5,48.57,17314725,8.8,0.2,9.0,44.0,"[9, 13, 8, 6, 8]","[0, 0, 0, 1, 0]"
AppMAIS7R,2022-09-15,10,83.48,75.0,48.43,29515156,6.0,0.2,6.2,30.0,"[0, 0, 11, 10, 9]","[0, 0, 0, 0, 1]"
AppMAIS7R,2022-09-15,12,90.86,75.8,48.37,47441778,12.2,0.4,12.6,30.5,"[0, 2, 15, 24, 20]","[0, 0, 1, 1, 0]"
AppMAIS7R,2022-09-15,13,92.84,75.1,48.29,46780134,9.8,1.0,10.8,9.8,"[0, 2, 15, 14, 18]","[0, 0, 2, 2, 1]"
AppMAIS7R,2022-09-15,14,93.74,74.5,48.26,46702851,9.4,0.4,9.8,23.5,"[0, 3, 13, 16, 15]","[0, 0, 0, 0, 2]"
AppMAIS7R,2022-09-15,15,93.2,74.5,48.26,61850908,13.6,0.8,14.4,17.0,"[0, 3, 19, 23, 23]","[0, 0, 1, 1, 2]"
AppMAIS7R,2022-09-15,16,92.48,74.4,48.01,25686537,6.0,0.2,6.2,30.0,"[7, 8, 5, 6, 4]","[1, 0, 0, 0, 0]"
AppMAIS7R,2022-09-16,12,91.4,75.1,48.31,52366508,8.6,0.4,9.0,21.5,"[0, 2, 16, 14, 11]","[0, 0, 1, 1, 0]"
AppMAIS7R,2022-09-16,13,93.56,74.8,48.34,41780103,11.4,0.8,12.200000000000001,14.25,"[1, 3, 16, 18, 19]","[0, 0, 1, 2, 1]"
AppMAIS7R,2022-09-16,14,94.1,74.6,48.29,44645125,9.6,2.2,11.8,4.36,"[0, 4, 13, 16, 15]","[0, 1, 2, 2, 6]"
AppMAIS7R,2022-09-16,15,94.46,74.7,48.45,44315756,8.6,0.2,8.799999999999999,43.0,"[0, 2, 17, 11, 13]","[0, 0, 1, 0, 0]"
AppMAIS7R,2022-09-16,16,93.74,74.9,48.43,29048233,11.6,0.2,11.799999999999999,58.0,"[17, 14, 9, 11, 7]","[1, 0, 0, 0, 0]"
AppMAIS7R,2022-09-17,10,81.86,74.6,48.36,36136766,7.8,0.4,8.2,19.5,"[0, 0, 16, 13, 10]","[0, 0, 0, 1, 1]"
AppMAIS7R,2022-09-17,12,90.86,75.6,48.5,41206920,5.8,0.4,6.2,14.5,"[0, 0, 9, 11, 9]","[0, 1, 0, 1, 0]"
AppMAIS7R,2022-09-17,13,93.2,76.2,48.5,32374654,5.4,0.2,5.6000000000000005,27.0,"[0, 0, 8, 9, 10]","[0, 0, 0, 0, 1]"
AppMAIS7R,2022-09-17,14,93.02,76.0,48.48,25319958,9.2,0.2,9.399999999999999,46.0,"[7, 9, 12, 9, 9]","[0, 1, 0, 0, 0]"
AppMAIS7R,2022-09-17,15,90.5,76.4,48.4,47392557,22.0,0.4,22.4,55.0,"[9, 28, 25, 23, 25]","[0, 0, 1, 0, 1]"
AppMAIS7R,2022-09-17,16,90.14,77.0,48.63,32678498,15.0,0.2,15.2,75.0,"[14, 17, 14, 15, 15]","[0, 1, 0, 0, 0]"
AppMAIS7R,2022-09-17,17,89.96,77.0,48.58,27066459,10.6,0.2,10.799999999999999,53.0,"[8, 8, 10, 13, 14]","[0, 0, 0, 0, 1]"
AppMAIS7R,2022-09-17,19,85.46,77.7,49.01,16211598,8.8,0.4,9.200000000000001,22.0,"[8, 7, 9, 10, 10]","[1, 1, 0, 0, 0]"
